MI-AAS-115,Wrong MI Number or some other problem
MI-ABH-254,Wrong MI Number or some other problem
MI-DEE-190,Wrong MI Number or some other problem
MI-DEV-154,Wrong MI Number or some other problem
MI-HAR-267,Wrong MI Number or some other problem
MI-KAM-107,Wrong MI Number or some other problem
MI-NIK-173,Wrong MI Number or some other problem
MI-RIS-181,Wrong MI Number or some other problem
MI-SAN-229,Wrong MI Number or some other problem
MI-VIK-118,Wrong MI Number or some other problem
MI-SHI-411,Wrong MI Number or some other problem
MI-MAN-394,Wrong MI Number or some other problem
MI-MAN-391,Wrong MI Number or some other problem
MI-ADI-363,Wrong MI Number or some other problem
MI-SHU-270,Wrong MI Number or some other problem
MI-NEE-125,Wrong MI Number or some other problem
MI-AAR-119,Wrong MI Number or some other problem
MI-ABH-423,Wrong MI Number or some other problem
MI-MAN-395,Wrong MI Number or some other problem
MI-NIK-250,Wrong MI Number or some other problem
MI-PRE-166,Wrong MI Number or some other problem
MI-RAH-226,Wrong MI Number or some other problem
MI-RID-104,Wrong MI Number or some other problem
MI-ANC-102,Wrong MI Number or some other problem
MI-SHU-331,Wrong MI Number or some other problem
MI-ANU-108,Wrong MI Number or some other problem
MI-PRE-103,Wrong MI Number or some other problem
MI-PUR-101,Wrong MI Number or some other problem
MI-ROT-101,Wrong MI Number or some other problem
MI-AN-101,Wrong MI Number or some other problem
MI-JAN-109,Wrong MI Number or some other problem
MI-KRI-132,Wrong MI Number or some other problem
MI-AAY-140,Wrong MI Number or some other problem
MI-AKS-186,Wrong MI Number or some other problem
MI-AYU-229,Wrong MI Number or some other problem
MI-AYU-232,Wrong MI Number or some other problem
MI-LAG-101,Wrong MI Number or some other problem
MI-LAK-127,Wrong MI Number or some other problem
MI-PRA-542,Wrong MI Number or some other problem
MI-YAS-255,Wrong MI Number or some other problem
MI-ABH-265,Wrong MI Number or some other problem
MI-AMR-123,Wrong MI Number or some other problem
MI-ABH-456,Wrong MI Number or some other problem
MI-ANK-189,Wrong MI Number or some other problem
MI-COS-101,Wrong MI Number or some other problem
MI-DRA-107,Wrong MI Number or some other problem
MI-ALI-118,Wrong MI Number or some other problem
MI-DEV-206,Wrong MI Number or some other problem
MI-MAN-472,Wrong MI Number or some other problem
MI-VYB-101,Wrong MI Number or some other problem
MI-ADI-200,Wrong MI Number or some other problem
MI-BHA-157,Wrong MI Number or some other problem
MI-DHW-102,Wrong MI Number or some other problem
MI-DRI-110,Wrong MI Number or some other problem
MI-GUN-110,Wrong MI Number or some other problem
MI-KHU-124,Wrong MI Number or some other problem
MI-MUS-143,Wrong MI Number or some other problem
MI-SAM-150,Wrong MI Number or some other problem
MI-SHI-237,Wrong MI Number or some other problem
MI-SHU-151,Wrong MI Number or some other problem
MI-SIM-129,Wrong MI Number or some other problem
MI-SRI-161,Wrong MI Number or some other problem
MI-TAN-170,Wrong MI Number or some other problem
MI-VID-119,Wrong MI Number or some other problem
MI-VID-120,Wrong MI Number or some other problem
MI-PRE-135,Wrong MI Number or some other problem
MI-ANG-110,Wrong MI Number or some other problem
MI-DIK-139,Wrong MI Number or some other problem
MI-TAN-379,Wrong MI Number or some other problem
MI-GAU-275,Wrong MI Number or some other problem
MI-MEH-159,Wrong MI Number or some other problem
MI-SHI-613,Wrong MI Number or some other problem
MI-HIN-104,Wrong MI Number or some other problem
MI-AYU-265,Wrong MI Number or some other problem
MI-ARY-131,Wrong MI Number or some other problem
MI-ASH-316,Wrong MI Number or some other problem
MI-QUA-101,Wrong MI Number or some other problem
MI-TEE-104,Wrong MI Number or some other problem
MI-LAK-165,Wrong MI Number or some other problem
MI-RAG-159,Wrong MI Number or some other problem
MI-VIS-291,Wrong MI Number or some other problem
MI-AAY-160,Wrong MI Number or some other problem
MI-ASH-210,Wrong MI Number or some other problem
MI-CHI-127,Wrong MI Number or some other problem
MI-DOH-101,Wrong MI Number or some other problem
MI-GUR-111,Wrong MI Number or some other problem
MI-KRI-170,Wrong MI Number or some other problem
MI-MAN-238,Wrong MI Number or some other problem
MI-SAT-133,Wrong MI Number or some other problem
MI-DIK-103,Wrong MI Number or some other problem
MI-PRE-106,Wrong MI Number or some other problem
MI-SHI-625,Wrong MI Number or some other problem
MI-ABU-101,Wrong MI Number or some other problem
MI-AVA-116,Wrong MI Number or some other problem
MI-BHA-239,Wrong MI Number or some other problem
MI-JAS-139,Wrong MI Number or some other problem
MI-KSH-122,Wrong MI Number or some other problem
MI-MAN-405,Wrong MI Number or some other problem
MI-MAN-449,Wrong MI Number or some other problem
MI-PAR-237,Wrong MI Number or some other problem
MI-PRU-104,Wrong MI Number or some other problem
MI-VAI-287,Wrong MI Number or some other problem
MI-YAS-338,Wrong MI Number or some other problem
MI-AAK-168,Wrong MI Number or some other problem
MI-KAR-295,Wrong MI Number or some other problem
MI-MOH-281,Wrong MI Number or some other problem
MI-SAN-435,Wrong MI Number or some other problem
MI-SHR-491,Wrong MI Number or some other problem
MI-SHU-432,Wrong MI Number or some other problem
MI-RAV-124,Wrong MI Number or some other problem
MI-ANK-108,Wrong MI Number or some other problem
MI-RAH-107,Wrong MI Number or some other problem
MI-RUC-106,Wrong MI Number or some other problem
MI-SAM-101,Wrong MI Number or some other problem
MI-SAY-102,Wrong MI Number or some other problem
MI-URZ-101,Wrong MI Number or some other problem
MI-VIP-102,Wrong MI Number or some other problem
MI-DIS-103,Wrong MI Number or some other problem
MI-KRU-104,Wrong MI Number or some other problem
MI-PRA-132,Wrong MI Number or some other problem
MI-RID-103,Wrong MI Number or some other problem
MI-ROH-126,Wrong MI Number or some other problem
MI-SAU-107,Wrong MI Number or some other problem
MI-VIS-114,Wrong MI Number or some other problem
MI-ARV-105,Wrong MI Number or some other problem
MI-SAY-106,Wrong MI Number or some other problem
MI-ARV-102,Wrong MI Number or some other problem
MI-BHA-243,Wrong MI Number or some other problem
MI-ASH-323,Wrong MI Number or some other problem
MI-ANK-275,Wrong MI Number or some other problem
MI-BHA-103,Wrong MI Number or some other problem
MI-MAN-120,Wrong MI Number or some other problem
MI-ROH-241,Wrong MI Number or some other problem
MI-SON-167,Wrong MI Number or some other problem
MI-KES-109,Wrong MI Number or some other problem
MI-PAR-158,Wrong MI Number or some other problem
MI-NIK-135,Wrong MI Number or some other problem
MI-ANJ-136,Wrong MI Number or some other problem
MI-ANK-170,Wrong MI Number or some other problem
MI-ASM-113,Wrong MI Number or some other problem
MI-DIV-153,Wrong MI Number or some other problem
MI-NIK-159,Wrong MI Number or some other problem
MI-RIS-169,Wrong MI Number or some other problem
MI-RIT-246,Wrong MI Number or some other problem
MI-RIY-171,Wrong MI Number or some other problem
MI-SAR-135,Wrong MI Number or some other problem
MI-SHO-130,Wrong MI Number or some other problem
MI-SHR-502,Wrong MI Number or some other problem
MI-SUS-111,Wrong MI Number or some other problem
MI-TAN-181,Wrong MI Number or some other problem
MI-VAR-187,Wrong MI Number or some other problem
MI-VAR-188,Wrong MI Number or some other problem
MI-ABH-553,Wrong MI Number or some other problem
MI-ALI-126,Wrong MI Number or some other problem
MI-LIK-103,Wrong MI Number or some other problem
MI-NAV-178,Wrong MI Number or some other problem
MI-PAL-182,Wrong MI Number or some other problem
MI-PRE-193,Wrong MI Number or some other problem
MI-SHR-557,Wrong MI Number or some other problem
MI-SUJ-108,Wrong MI Number or some other problem
MI-SAM-168,Wrong MI Number or some other problem
MI-AAK-138,Wrong MI Number or some other problem
MI-AFS-102,Wrong MI Number or some other problem
MI-AKS-232,Wrong MI Number or some other problem
MI-ALO-109,Wrong MI Number or some other problem
MI-BHA-213,Wrong MI Number or some other problem
MI-CHA-172,Wrong MI Number or some other problem
MI-DHA-143,Wrong MI Number or some other problem
MI-DHA-167,Wrong MI Number or some other problem
MI-DHU-102,Wrong MI Number or some other problem
MI-HAR-371,Wrong MI Number or some other problem
MI-ILA-102,Wrong MI Number or some other problem
MI-IND-104,Wrong MI Number or some other problem
MI-KEE-103,Wrong MI Number or some other problem
MI-NAV-146,Wrong MI Number or some other problem
MI-NIS-125,Wrong MI Number or some other problem
MI-NIV-105,Wrong MI Number or some other problem
MI-PRI-386,Wrong MI Number or some other problem
MI-PRI-437,Wrong MI Number or some other problem
MI-SAA-120,Wrong MI Number or some other problem
MI-SCR-101,Wrong MI Number or some other problem
MI-SOW-103,Wrong MI Number or some other problem
MI-SWE-117,Wrong MI Number or some other problem
MI-ANK-361,Wrong MI Number or some other problem
MI-ATU-128,Wrong MI Number or some other problem
MI-AVI-172,Wrong MI Number or some other problem
MI-RAH-332,Wrong MI Number or some other problem
MI-SAN-503,Wrong MI Number or some other problem
MI-VAR-223,Wrong MI Number or some other problem
MI-KAN-166,Wrong MI Number or some other problem
