MI Numbers,CL MI
MI-RIT-251,MI-AAK-159
MI-SHI-579,MI-AAK-159
MI-APE-106,MI-AAK-159
MI-KIR-132,MI-AAK-159
MI-AYA-113,MI-AAK-159
MI-SHR-533,MI-AAK-159
MI-SMI-103,MI-AAR-111
MI-DIG-106,MI-AAR-111
MI-RUT-186,MI-AAR-111
MI-NEH-119,MI-AAR-111
MI-PRI-163,MI-AAR-111
MI-SHA-446,MI-AAR-111
MI-ALF-102,MI-AAR-111
MI-VAI-139,MI-AAR-111
MI-KAM-107,MI-AAS-115
MI-ANJ-139,MI-AAS-115
MI-MEE-134,MI-ABH-102
MI-POO-112,MI-ABH-102
MI-TAN-214,MI-ABH-102
MI-TRI-111,MI-ABH-102
MI-SHI-336,MI-ABH-102
MI-PRI-236,MI-ABH-102
MI-RID-136,MI-ABH-102
MI-DEE-215,MI-ABH-102
MI-HAR-320,MI-ABH-102
MI-NEH-135,MI-ABH-102
MI-BHA-190,MI-ABH-102
MI-DEE-204,MI-ABH-102
MI-VIJ-130,MI-ABH-102
MI-KOM-119,MI-ABH-102
MI-APE-103,MI-ABH-102
MI-EKT-105,MI-ABH-102
MI-MAH-206,MI-ABH-102
MI-RAC-132,MI-ABH-102
MI-CHA-191,MI-ABH-102
MI-SAL-153,MI-ABH-102
MI-JYO-131,MI-ABH-102
MI-KRI-219,MI-ABH-102
MI-PRI-305,MI-ABH-102
MI-PRA-829,MI-ABH-102
MI-ANV-108,MI-ABH-102
MI-SNE-148,MI-ABH-102
MI-SHA-413,MI-ABH-102
MI-KHU-180,MI-ABH-102
MI-HIT-129,MI-ABH-102
MI-RIS-240,MI-ABH-102
MI-MAH-124,MI-ABH-126
MI-CHA-109,MI-ABH-126
MI-SRI-102,MI-ABH-126
MI-RAJ-136,MI-ABH-126
MI-SON-112,MI-ABH-126
MI-ADI-401,MI-ABH-126
MI-ANU-119,MI-ABH-126
MI-KOM-106,MI-ABH-126
MI-SHI-132,MI-ABH-126
MI-ESH-106,MI-ABH-126
MI-ARP-122,MI-ABH-126
MI-ARU-106,MI-ABH-126
MI-SHU-468,MI-ABH-144
MI-ISH-270,MI-ABH-144
MI-AAK-187,MI-ABH-155
MI-MAN-604,MI-ABH-155
MI-BHU-152,MI-ABH-155
MI-ANU-145,MI-ABH-155
MI-LUC-115,MI-ABH-155
MI-PRA-1173,MI-ABH-155
MI-ADI-356,MI-ABH-155
MI-YAS-145,MI-ADI-236
MI-SUR-231,MI-ADI-236
MI-NEH-178,MI-ADI-236
MI-SHE-152,MI-ADI-236
MI-YAS-147,MI-ADI-236
MI-RAJ-121,MI-ADI-236
MI-MIL-106,MI-ADI-236
MI-DIV-159,MI-ADI-236
MI-VAI-284,MI-ADI-236
MI-SUH-112,MI-ADI-332
MI-SEE-106,MI-ADI-332
MI-KAJ-115,MI-ADI-332
MI-JUH-107,MI-ADI-332
MI-PAL-203,MI-ADI-358
MI-MIT-134,MI-ADI-358
MI-DEE-332,MI-ADI-358
MI-ANU-331,MI-ADI-358
MI-AAS-191,MI-ADI-358
MI-SHI-524,MI-ADI-358
MI-SHR-486,MI-ADI-358
MI-KAJ-113,MI-ADI-358
MI-DIV-289,MI-ADI-358
MI-KUS-143,MI-ADI-358
MI-SOU-259,MI-ADI-415
MI-BIS-105,MI-ADI-415
MI-SAN-425,MI-ADI-415
MI-MAN-518,MI-ADI-415
MI-SWA-239,MI-ADI-415
MI-PAR-122,MI-AKA-125
MI-AKA-125,MI-AKA-125
MI-ASM-103,MI-AKA-125
MI-PAR-113,MI-AKA-172
MI-VAI-114,MI-AKA-172
MI-MIL-113,MI-AKA-172
MI-AKA-172,MI-AKA-172
MI-GUN-101,MI-AKA-172
MI-ROU-102,MI-AKA-172
MI-BHA-320,MI-AKA-234
MI-SAK-241,MI-AKA-234
MI-MUS-209,MI-AKA-234
MI-ANS-187,MI-AKA-234
MI-AKA-234,MI-AKA-234
MI-MAN-456,MI-AKH-126
MI-DIK-129,MI-AKH-126
MI-ANA-225,MI-AKH-126
MI-DIY-116,MI-AKH-126
MI-SHU-444,MI-AKH-126
MI-KAN-193,MI-AKH-126
MI-RAD-136,MI-AKS-147
MI-LUL-101,MI-AKS-147
MI-KIR-142,MI-AKS-147
MI-MAN-555,MI-AKS-147
MI-ANU-269,MI-AMA-106
MI-PRI-462,MI-AMA-106
MI-SHR-323,MI-AMA-106
MI-NID-127,MI-AMA-106
MI-NIK-244,MI-AMA-230
MI-SAH-161,MI-AMA-230
MI-KAN-173,MI-AMA-230
MI-PAR-243,MI-AMA-230
MI-TAN-258,MI-AMA-230
MI-MAY-216,MI-AMA-230
MI-RAD-125,MI-AMA-230
MI-RIT-227,MI-AMA-230
MI-POO-148,MI-AMA-230
MI-SAV-111,MI-AMA-230
MI-AAK-145,MI-AMA-230
MI-DIS-131,MI-AMA-230
MI-TAN-300,MI-AMA-230
MI-PRA-676,MI-AMA-230
MI-NID-105,MI-AMA-230
MI-MAH-167,MI-AMA-230
MI-SHR-374,MI-AMA-230
MI-SAN-329,MI-AMA-230
MI-SHU-614,MI-AME-106
MI-MUS-131,MI-AME-106
MI-SAM-105,MI-AME-106
MI-NIK-113,MI-AME-106
MI-SON-170,MI-AME-106
MI-ANA-251,MI-AME-106
MI-AYU-317,MI-AME-106
MI-RAC-106,MI-AME-106
MI-REE-117,MI-AME-106
MI-GEE-110,MI-AME-106
MI-MAH-110,MI-AME-106
MI-SHW-111,MI-AME-106
MI-DAR-113,MI-AME-106
MI-ADI-110,MI-AME-106
MI-AMU-101,MI-AME-106
MI-SHA-459,MI-AME-106
MI-ANA-128,MI-AME-106
MI-EES-101,MI-AME-106
MI-TAS-105,MI-AME-106
MI-LEE-101,MI-AME-106
MI-MAN-109,MI-AME-106
MI-MEG-105,MI-AME-106
MI-SUD-111,MI-AME-106
MI-ISH-101,MI-AME-106
MI-RUB-101,MI-AME-106
MI-MAN-439,MI-AMR-126
MI-CHA-230,MI-AMR-126
MI-ATI-105,MI-AMR-126
MI-GUN-111,MI-AMR-126
MI-ARU-126,MI-AMR-126
MI-AKA-307,MI-ANH-103
MI-SON-140,MI-ANI-173
MI-KRI-155,MI-ANI-173
MI-SUR-140,MI-ANI-173
MI-PRI-240,MI-ANI-173
MI-KAJ-120,MI-ANI-173
MI-SWA-162,MI-ANI-173
MI-SWA-162,MI-ANI-173
MI-RAD-115,MI-ANI-173
MI-ANJ-197,MI-ANJ-197
MI-ANS-193,MI-ANJ-197
MI-MIN-107,MI-ANK-104
MI-JAY-163,MI-ANK-104
MI-RAS-127,MI-ANK-104
MI-ANA-164,MI-ANK-104
MI-MOH-130,MI-ANK-104
MI-SHA-351,MI-ANK-104
MI-PRA-386,MI-ANK-104
MI-VAI-152,MI-ANK-104
MI-SHI-449,MI-ANK-104
MI-RAK-117,MI-ANK-104
MI-ANS-172,MI-ANK-104
MI-NAN-106,MI-ANK-104
MI-HAR-338,MI-ANK-104
MI-KRI-215,MI-ANK-104
MI-HAR-463,MI-ANK-104
MI-NIS-161,MI-ANK-111
MI-PK-101,MI-ANK-111
MI-PK-101,MI-ANK-111
MI-PIN-104,MI-ANK-111
MI-SHI-525,MI-ANK-111
MI-SAU-158,MI-ANK-111
MI-HRI-107,MI-ANK-111
MI-NIK-117,MI-ANK-111
MI-TAR-104,MI-ANK-124
MI-NID-116,MI-ANK-124
MI-JIG-113,MI-ANK-124
MI-AIS-163,MI-ANK-124
MI-AIS-130,MI-ANK-124
MI-JAY-115,MI-ANK-124
MI-ANK-187,MI-ANK-187
MI-SAN-237,MI-ANM-117
MI-AIS-108,MI-ANM-117
MI-NIV-101,MI-ANM-117
MI-DEV-282,MI-ANM-117
MI-PRI-128,MI-ANM-117
MI-AKA-111,MI-ANM-117
MI-HRI-126,MI-ANM-117
MI-MAH-127,MI-ANM-117
MI-RIT-261,MI-ANM-117
MI-SOU-101,MI-ANM-117
MI-SAK-116,MI-ANM-117
MI-AAR-126,MI-ANS-142
MI-TAN-372,MI-ANS-142
MI-POO-141,MI-ANS-142
MI-NAV-136,MI-ANS-142
MI-SMR-108,MI-ANS-142
MI-BHA-262,MI-ANS-142
MI-MAN-218,MI-ANS-142
MI-TAN-309,MI-ANS-142
MI-AAK-118,MI-ANS-142
MI-ANI-190,MI-ANS-142
MI-ARU-105,MI-ANS-142
MI-VAT-101,MI-ANS-142
MI-WAM-101,MI-ANS-142
MI-GIN-102,MI-ANS-142
MI-RHE-107,MI-ANS-142
MI-ASH-189,MI-ANS-142
MI-URV-106,MI-ANS-142
MI-SOU-149,MI-ANS-142
MI-TAN-309,MI-ANS-142
MI-SHI-637,MI-ANS-142
MI-NIS-159,MI-ANS-142
MI-TAA-103,MI-ANS-142
MI-LAK-115,MI-ANS-142
MI-HIT-115,MI-ANS-142
MI-SHU-272,MI-ANS-142
MI-KHU-126,MI-ANS-142
MI-ANS-133,MI-ANS-142
MI-SHR-143,MI-ANS-142
MI-MUS-169,MI-ANS-142
MI-RIY-130,MI-ANS-142
MI-SUN-113,MI-ANS-142
MI-ISH-155,MI-ANS-142
MI-SEJ-110,MI-ANS-142
MI-RIC-108,MI-ANS-142
MI-AAY-123,MI-ANS-142
MI-ANU-178,MI-ANS-142
MI-PUN-104,MI-ANS-142
MI-DIV-115,MI-ANS-142
MI-RAS-126,MI-ANS-142
MI-AKS-194,MI-ANS-142
MI-SAL-104,MI-ANS-142
MI-SHU-221,MI-ANS-142
MI-VAN-156,MI-ANS-142
MI-SAN-255,MI-ANS-142
MI-SOM-102,MI-ANS-142
MI-AMR-103,MI-ANS-142
MI-ANO-102,MI-ANS-142
MI-DRI-104,MI-ANS-142
MI-BHU-110,MI-ANS-142
MI-PAR-117,MI-ANS-142
MI-SHE-101,MI-ANS-142
MI-NIK-272,MI-ANS-142
MI-PRI-114,MI-ANS-142
MI-TAN-120,MI-ANS-142
MI-MAN-438,MI-ANS-142
MI-ADI-403,MI-ANS-142
MI-AAY-104,MI-ANS-142
MI-DIK-128,MI-ANS-142
MI-AAS-110,MI-ANS-142
MI-KAN-110,MI-ANS-142
MI-TAN-216,MI-ANS-142
MI-TAN-153,MI-ANS-142
MI-PRI-121,MI-ANS-142
MI-TAV-101,MI-ANS-142
MI-PEM-102,MI-ANS-142
MI-NIK-204,MI-ANS-142
MI-TAN-129,MI-ANS-142
MI-HIT-115,MI-ANS-142
MI-ISH-116,MI-ANS-142
MI-HIY-101,MI-ANS-142
MI-PAL-144,MI-ANS-142
MI-SNI-104,MI-ANS-142
MI-ROH-183,MI-ANS-142
MI-AAR-119,MI-ANS-142
MI-DEV-112,MI-ANS-142
MI-JAH-109,MI-ANS-142
MI-ANS-142,MI-ANS-142
MI-YUG-105,MI-ANS-142
MI-VAN-126,MI-ANS-142
MI-ISH-174,MI-ANS-142
MI-APU-109,MI-ANS-142
MI-SAC-103,MI-ANS-142
MI-AKS-161,MI-ANS-142
MI-HEL-101,MI-ANS-142
MI-PRA-470,MI-ANS-142
MI-PRI-216,MI-ANS-142
MI-MAN-307,MI-ANS-198
MI-VAR-126,MI-ANS-198
MI-ANS-198,MI-ANS-198
MI-TIT-101,MI-ANU-304
MI-SHA-527,MI-ANU-304
MI-NID-143,MI-ANU-304
MI-AMU-107,MI-ANU-304
MI-SAM-287,MI-ANU-304
MI-PRI-457,MI-ANU-304
MI-SAY-109,MI-ANU-304
MI-KHU-185,MI-ANU-304
MI-APA-107,MI-APA-107
MI-DIV-127,MI-APA-107
MI-INN-101,MI-APO-133
MI-RIY-152,MI-APO-133
MI-DRI-114,MI-APO-133
MI-NIS-220,MI-APO-133
MI-TAN-231,MI-APO-133
MI-URV-103,MI-ARP-119
MI-VIP-104,MI-ARP-119
MI-URV-102,MI-ARP-119
MI-ARP-119,MI-ARP-119
MI-CHA-110,MI-ARP-119
MI-LAX-102,MI-ARP-119
MI-SHR-135,MI-ARP-119
MI-NUP-104,MI-ARP-119
MI-KAS-106,MI-ARP-119
MI-PRE-107,MI-ARP-119
MI-OOR-101,MI-ARP-119
MI-ANK-113,MI-ARP-119
MI-NAV-105,MI-ARP-119
MI-TAN-127,MI-ARP-119
MI-QUE-101,MI-ARP-148
MI-HIM-226,MI-ARP-148
MI-TRU-103,MI-ARP-148
MI-AMI-124,MI-ARP-148
MI-RUC-109,MI-ARP-148
MI-SMI-106,MI-ARP-148
MI-ANJ-196,MI-ARP-148
MI-POO-183,MI-ARP-148
MI-SUR-189,MI-ARS-125
MI-SRI-114,MI-ARY-117
MI-KOM-107,MI-ARY-117
MI-ANK-133,MI-ARY-117
MI-SHR-151,MI-ARY-117
MI-SHR-149,MI-ARY-117
MI-ARS-104,MI-ARY-117
MI-DHR-109,MI-ARY-117
MI-DAK-101,MI-ARY-117
MI-LAK-105,MI-ARY-117
MI-SAM-121,MI-ARY-117
MI-KOM-104,MI-ARY-117
MI-AAS-116,MI-ARY-117
MI-RID-106,MI-ARY-117
MI-DIK-105,MI-ARY-117
MI-KAL-104,MI-ARY-117
MI-SAN-150,MI-ARY-117
MI-AIS-115,MI-ARY-117
MI-RHE-104,MI-ARY-117
MI-NIY-103,MI-ARY-117
MI-RIY-136,MI-ARY-117
MI-AAS-132,MI-ARY-117
MI-MAN-165,MI-ARY-117
MI-ADI-167,MI-ARY-117
MI-LAL-102,MI-ARY-117
MI-AYU-206,MI-ARY-117
MI-PRA-233,MI-ARY-117
MI-DIK-108,MI-ARY-117
MI-SWA-137,MI-ARY-117
MI-RAC-111,MI-ARY-117
MI-ZIN-101,MI-ARY-117
MI-SUD-115,MI-ARY-117
MI-AKR-105,MI-ARY-117
MI-APO-107,MI-ARY-117
MI-MUS-160,MI-ARY-117
MI-DAR-116,MI-ARY-117
MI-UDI-108,MI-ARY-117
MI-KHU-111,MI-ARY-117
MI-JEN-103,MI-ARY-117
MI-SHI-158,MI-ARY-117
MI-URV-109,MI-ARY-117
MI-BHA-127,MI-ARY-117
MI-NAV-124,MI-ARY-117
MI-GAR-111,MI-ARY-117
MI-RIY-137,MI-ARY-117
MI-SHR-167,MI-ARY-117
MI-SHU-145,MI-ARY-117
MI-ANJ-145,MI-ARY-117
MI-SHR-282,MI-ARY-117
MI-SRI-126,MI-ARY-117
MI-SHA-244,MI-ARY-117
MI-AAR-120,MI-ARY-117
MI-SUK-109,MI-ARY-117
MI-MUS-161,MI-ARY-117
MI-KHU-193,MI-ASH-101
MI-LEE-103,MI-ASH-101
MI-CHA-105,MI-ASH-101
MI-SAM-107,MI-ASH-101
MI-KHU-101,MI-ASH-101
MI-DEE-129,MI-ASH-101
MI-TAN-336,MI-ASM-110
MI-SAU-279,MI-ASM-110
MI-KAN-195,MI-ASM-110
MI-KRI-223,MI-ASM-110
MI-ANU-400,MI-ASM-110
MI-HIM-179,MI-ASM-110
MI-ANU-233,MI-ASM-110
MI-SHA-453,MI-ASM-110
MI-KAN-200,MI-ASM-110
MI-TAN-357,MI-ASM-110
MI-MEH-145,MI-ASM-110
MI-GAR-156,MI-ASM-110
MI-SHE-133,MI-ASM-110
MI-ASM-110,MI-ASM-110
MI-SWA-109,MI-ATH-102
MI-VAI-108,MI-ATH-102
MI-SAN-112,MI-ATH-102
MI-ROO-101,MI-ATH-102
MI-PRI-103,MI-ATH-102
MI-SHR-112,MI-ATH-102
MI-NAM-117,MI-ATH-102
MI-HAR-239,MI-ATH-102
MI-KAS-102,MI-ATH-102
MI-ANO-101,MI-ATH-102
MI-AVN-102,MI-AVN-102
MI-OUR-101,MI-AVN-106
MI-AKA-136,MI-AVN-106
MI-AKA-136,MI-AVN-106
MI-GAR-140,MI-AVN-106
MI-POO-150,MI-AVN-106
MI-MAH-159,MI-AVN-106
MI-SHE-105,MI-AVN-106
MI-SUP-111,MI-AVN-106
MI-KUD-101,MI-AVN-106
MI-VED-111,MI-AVN-106
MI-SWA-127,MI-AVN-106
MI-MAN-178,MI-AVN-106
MI-RIS-153,MI-AVN-106
MI-ANT-103,MI-AVN-106
MI-MEG-128,MI-AVN-106
MI-SHW-164,MI-AVN-106
MI-SHA-311,MI-AVN-106
MI-SAB-105,MI-AVN-106
MI-VAN-161,MI-AVN-106
MI-KHU-156,MI-AVN-106
MI-ANA-189,MI-AVN-106
MI-ARE-101,MI-AVN-106
MI-ADY-106,MI-AVN-106
MI-VAI-302,MI-AVN-106
MI-NOO-101,MI-AVN-106
MI-ANJ-121,MI-AVN-106
MI-AAN-113,MI-AVN-106
MI-MEH-132,MI-AVN-106
MI-MAD-169,MI-AVN-106
MI-TUS-116,MI-AVN-106
MI-CHU-101,MI-AVN-106
MI-AVN-106,MI-AVN-106
MI-SNE-181,MI-AYU-154
MI-SUK-120,MI-AYU-154
MI-SHI-506,MI-AYU-252
MI-DIS-125,MI-AYU-252
MI-SAI-128,MI-AYU-252
MI-SAI-128,MI-AYU-252
MI-SUR-178,MI-AYU-252
MI-APA-115,MI-AYU-252
MI-AYU-252,MI-AYU-252
MI-TAN-193,MI-BHA-218
MI-SHU-162,MI-BHA-218
MI-RHE-111,MI-BHA-218
MI-SHI-541,MI-BHA-218
MI-YAS-389,MI-BHA-218
MI-PRI-364,MI-BHA-218
MI-SHA-152,MI-BHA-218
MI-BHA-271,MI-BHA-218
MI-PRA-532,MI-BHA-218
MI-RID-128,MI-BHA-218
MI-KAR-176,MI-BHA-218
MI-ISH-141,MI-BHA-218
MI-PRE-138,MI-BHA-218
MI-RIA-105,MI-BHA-218
MI-MUD-105,MI-BHA-218
MI-URO-105,MI-BHA-218
MI-ANA-224,MI-BHA-218
MI-INI-101,MI-BHA-218
MI-SHA-407,MI-BHA-218
MI-ANU-207,MI-BHA-218
MI-YAS-220,MI-BHA-218
MI-ANA-173,MI-BHA-218
MI-MAN-257,MI-BHA-218
MI-ARC-120,MI-BHA-218
MI-SAG-116,MI-BHA-218
MI-VAR-141,MI-BHA-218
MI-PRE-129,MI-BHA-218
MI-HAR-191,MI-BHA-218
MI-KA-101,MI-BHA-218
MI-NAV-125,MI-BHA-218
MI-DEV-158,MI-BHA-218
MI-REE-110,MI-BHA-218
MI-SAL-117,MI-BHA-218
MI-SHR-328,MI-BHA-218
MI-AAS-176,MI-BHA-218
MI-SHA-243,MI-BHA-218
MI-VIS-239,MI-CHA-107
MI-SHR-462,MI-CHA-107
MI-PRA-840,MI-CHA-107
MI-RUT-151,MI-CHA-107
MI-DNY-105,MI-CHA-107
MI-SHR-446,MI-CHA-107
MI-SHR-506,MI-CHA-107
MI-RAV-147,MI-CHA-107
MI-SHI-553,MI-CHA-107
MI-RID-141,MI-CHA-107
MI-SAK-270,MI-CHA-107
MI-TAN-334,MI-CHA-107
MI-DEV-231,MI-CHA-107
MI-SHR-496,MI-CHA-107
MI-SUN-110,MI-CHI-103
MI-DEE-159,MI-CHI-103
MI-SUC-102,MI-CHI-103
MI-PRI-192,MI-CHI-103
MI-ANK-378,MI-CHI-103
MI-PRA-316,MI-CHI-103
MI-SRA-106,MI-CHI-103
MI-SUB-104,MI-CHI-103
MI-ADY-103,MI-CHI-103
MI-LOP-102,MI-CHI-103
MI-IPS-105,MI-CHI-103
MI-CHI-128,MI-CHI-103
MI-SOP-103,MI-CHI-103
MI-LIS-103,MI-CHI-103
MI-ANI-109,MI-CHI-103
MI-PRA-431,MI-CHI-103
MI-RIT-128,MI-CHI-103
MI-ANI-181,MI-CHI-103
MI-PRA-464,MI-CHI-103
MI-BID-101,MI-CHI-103
MI-KAJ-105,MI-DEE-137
MI-ANI-232,MI-DEE-137
MI-VIB-125,MI-DEE-137
MI-GAU-270,MI-DEV-165
MI-SHR-405,MI-DEV-165
MI-ISH-290,MI-DEV-165
MI-SPA-125,MI-DEV-165
MI-CHA-213,MI-DEV-165
MI-YUK-116,MI-DEV-165
MI-SAL-143,MI-DEV-165
MI-AYU-319,MI-DEV-165
MI-SHR-515,MI-DEV-165
MI-RIY-172,MI-DEV-165
MI-KRA-112,MI-DEV-165
MI-ISH-257,MI-DEV-165
MI-ANC-109,MI-DEV-165
MI-ANU-351,MI-DEV-165
MI-ISH-261,MI-DEV-165
MI-ANI-192,MI-DEV-165
MI-YAS-343,MI-DEV-165
MI-SOR-101,MI-DEV-165
MI-AKS-248,MI-DEV-165
MI-RAD-132,MI-DEV-165
MI-DIV-226,MI-DEV-165
MI-SON-168,MI-DEV-165
MI-SHU-370,MI-DEV-165
MI-NID-137,MI-DEV-165
MI-THA-101,MI-DEV-184
MI-SHI-580,MI-DEV-184
MI-KIR-114,MI-DEV-184
MI-VAN-136,MI-DEV-184
MI-ARU-165,MI-DEV-184
MI-RAM-114,MI-DEV-184
MI-SK-101,MI-DEV-184
MI-USH-103,MI-DEV-184
MI-NEE-129,MI-DEV-184
MI-ADI-320,MI-DEV-184
MI-NAN-148,MI-DEV-184
MI-PAY-111,MI-DEV-184
MI-VAN-151,MI-DEV-184
MI-AAY-142,MI-DEV-184
MI-ARU-131,MI-DEV-184
MI-DIS-113,MI-DEV-184
MI-KEN-102,MI-DEV-184
MI-SAK-211,MI-DEV-184
MI-PRI-265,MI-DEV-184
MI-KHY-111,MI-DEV-198
MI-UMA-116,MI-DEV-198
MI-JAH-119,MI-DEV-198
MI-MAL-107,MI-DEV-205
MI-UPA-106,MI-DEV-205
MI-TRI-112,MI-DEV-205
MI-KUN-134,MI-DEV-205
MI-ANI-111,MI-DEV-205
MI-PRI-239,MI-DEV-205
MI-ABH-311,MI-DEV-205
MI-POO-136,MI-DEV-205
MI-TAN-232,MI-DEV-205
MI-MAL-110,MI-DEV-205
MI-PRE-140,MI-DEV-205
MI-LEK-101,MI-DEV-205
MI-SHI-297,MI-DEV-205
MI-MAN-223,MI-DEV-205
MI-SWA-141,MI-DEV-205
MI-SHU-323,MI-DEV-205
MI-AAT-105,MI-DEV-205
MI-SHA-307,MI-DEV-205
MI-SAM-212,MI-DEV-205
MI-SHR-359,MI-DEV-205
MI-PRI-184,MI-DEV-205
MI-PRE-119,MI-DEV-205
MI-PRA-373,MI-DEV-205
MI-TEJ-114,MI-DEV-205
MI-SHW-116,MI-DEV-205
MI-APO-113,MI-DEV-205
MI-SON-144,MI-DEV-205
MI-SHI-299,MI-DEV-205
MI-ISH-203,MI-DEV-205
MI-NEH-152,MI-DEV-205
MI-KAN-162,MI-DEV-205
MI-DEE-219,MI-DEV-205
MI-MAN-305,MI-DEV-205
MI-JYO-116,MI-DEV-205
MI-AIS-134,MI-DEV-205
MI-SAL-122,MI-DEV-205
MI-AMI-155,MI-DEV-205
MI-RUC-159,MI-DHA-110
MI-URJ-107,MI-DHA-110
MI-SAK-220,MI-DHA-110
MI-AIS-188,MI-DHA-110
MI-VRU-120,MI-DHA-110
MI-ASM-102,MI-DHA-110
MI-SUR-208,MI-DHA-110
MI-KAL-134,MI-DHA-110
MI-DHA-110,MI-DHA-110
MI-RAC-135,MI-DHA-110
MI-SHW-148,MI-DHA-110
MI-PRA-1010,MI-DHA-110
MI-PUR-106,MI-DHA-110
MI-TAN-138,MI-DHA-110
MI-DHA-115,MI-DHA-110
MI-ANI-125,MI-DHA-110
MI-KIM-102,MI-DHA-110
MI-PAL-181,MI-DHA-110
MI-NID-121,MI-DHI-101
MI-OMA-101,MI-DHI-101
MI-ANU-313,MI-DHI-101
MI-ANU-313,MI-DHI-101
MI-SHR-451,MI-DHR-144
MI-DIV-240,MI-DHR-144
MI-JUH-109,MI-DHR-144
MI-APO-135,MI-DHR-144
MI-MUG-107,MI-DHR-144
MI-MAN-568,MI-DHR-164
MI-MAN-570,MI-DHR-164
MI-DEV-235,MI-DHR-164
MI-SHU-164,MI-FAI-101
MI-ISH-299,MI-FAR-102
MI-ADI-504,MI-FAR-102
MI-RAK-149,MI-FAR-102
MI-DHW-109,MI-FEM-101
MI-MAN-295,MI-GAU-174
MI-SHA-284,MI-GAU-174
MI-DIS-115,MI-GAU-174
MI-ROS-113,MI-GAU-174
MI-ANU-241,MI-GAU-174
MI-SHR-325,MI-GAU-174
MI-SHA-275,MI-GAU-174
MI-ISH-183,MI-GAU-174
MI-RUT-129,MI-GAU-174
MI-SHU-284,MI-GAU-174
MI-JIG-120,MI-GAU-174
MI-SHR-319,MI-GAU-174
MI-VAI-198,MI-GAU-174
MI-KAY-103,MI-GAU-174
MI-VAI-257,MI-GAU-226
MI-SUP-114,MI-GAU-226
MI-KAL-129,MI-GAU-226
MI-MON-136,MI-GAU-226
MI-SAK-240,MI-GAU-226
MI-SHR-436,MI-GAU-226
MI-SAY-129,MI-GAU-226
MI-RAS-150,MI-GAU-226
MI-POO-176,MI-GAU-226
MI-NID-134,MI-GAU-226
MI-CHA-193,MI-GAU-226
MI-KRU-118,MI-GAU-226
MI-SHR-477,MI-GAU-232
MI-GAU-232,MI-GAU-232
MI-SUM-158,MI-GAU-232
MI-SOU-243,MI-GAU-275
MI-MAH-219,MI-GAU-275
MI-KAS-143,MI-GAU-275
MI-PRE-201,MI-GAU-275
MI-VAI-344,MI-GAU-275
MI-KHY-115,MI-GAU-275
MI-MAN-553,MI-GAU-275
MI-PAD-112,MI-GAU-275
MI-DEE-367,MI-GOP-106
MI-AAS-203,MI-GOP-106
MI-AKA-204,MI-GUG-101
MI-SIR-106,MI-GUG-101
MI-DIS-120,MI-GUG-101
MI-DIV-254,MI-GUG-101
MI-REE-112,MI-GUG-101
MI-ANJ-166,MI-GUG-101
MI-KHU-198,MI-GUG-101
MI-SHE-144,MI-GUG-101
MI-RAS-154,MI-GUG-101
MI-BHA-261,MI-GUG-101
MI-REE-112,MI-GUG-101
MI-AAK-135,MI-GUG-101
MI-POO-153,MI-GUG-101
MI-SOU-203,MI-GUG-101
MI-DUR-110,MI-GUG-101
MI-TAN-278,MI-GUG-101
MI-SIM-170,MI-GUG-101
MI-SHI-372,MI-GUG-101
MI-ARY-140,MI-GUG-101
MI-ARP-161,MI-GUG-101
MI-PAL-176,MI-GUG-101
MI-KAV-114,MI-GUG-101
MI-ANW-104,MI-GUG-101
MI-GRE-102,MI-GUG-101
MI-SAK-203,MI-GUG-101
MI-SAN-328,MI-GUG-101
MI-PRI-256,MI-GUG-101
MI-NIT-155,MI-GUR-118
MI-SHR-366,MI-GUR-118
MI-PRA-657,MI-GUR-118
MI-SAN-314,MI-GUR-118
MI-VAN-200,MI-GUR-118
MI-TAN-253,MI-GUR-118
MI-AAS-194,MI-GUR-118
MI-MOH-249,MI-GUR-118
MI-SAL-137,MI-HAR-115
MI-SAN-276,MI-HAR-115
MI-SAY-138,MI-HAR-115
MI-AAR-139,MI-HAR-115
MI-TAN-386,MI-HAR-115
MI-SHR-140,MI-HAR-115
MI-HUS-102,MI-HAR-115
MI-OSH-105,MI-HAR-115
MI-GAU-108,MI-HAR-115
MI-HAR-115,MI-HAR-115
MI-STU-116,MI-HAR-135
MI-ADI-372,MI-HAR-135
MI-SWA-179,MI-HAR-358
MI-SHR-399,MI-HAR-358
MI-MEG-125,MI-HAR-358
MI-SAL-149,MI-HAR-390
MI-NET-108,MI-HAR-390
MI-AAY-112,MI-HEM-104
MI-KHY-101,MI-HEM-104
MI-KAR-126,MI-HEM-104
MI-AAS-117,MI-ISH-154
MI-AYU-175,MI-ISH-154
MI-SWA-208,MI-ISH-154
MI-SHR-584,MI-ISH-154
MI-SAK-294,MI-ISH-154
MI-AVN-111,MI-ISH-154
MI-ARU-167,MI-ISH-154
MI-PIN-107,MI-ISH-154
MI-RAV-157,MI-ISH-154
MI-NIY-110,MI-ISH-154
MI-PRI-324,MI-ISH-154
MI-BHU-136,MI-ISH-154
MI-SHR-382,MI-ISH-154
MI-MAS-103,MI-ISH-154
MI-NAN-152,MI-ISH-154
MI-ANA-246,MI-ISH-154
MI-MIT-145,MI-ISH-154
MI-SHI-609,MI-ISH-154
MI-PRA-685,MI-JAG-103
MI-PRI-329,MI-JAG-103
MI-BHA-263,MI-JAG-103
MI-SAK-230,MI-JAG-103
MI-ANU-333,MI-JAG-103
MI-KAN-185,MI-JAG-103
MI-ARU-103,MI-JAG-103
MI-SOU-214,MI-JAG-103
MI-RAK-135,MI-JAG-103
MI-ABH-445,MI-JAG-103
MI-MEE-140,MI-JAG-103
MI-SUR-195,MI-JAG-103
MI-KIR-140,MI-JAG-103
MI-SHI-467,MI-JAG-103
MI-NIH-125,MI-JAG-103
MI-CHI-106,MI-JAG-103
MI-SMR-112,MI-JAG-103
MI-TAN-285,MI-JAG-103
MI-SHI-492,MI-JAG-103
MI-ALK-106,MI-JAG-103
MI-DHR-149,MI-JAS-129
MI-ADI-379,MI-JAS-129
MI-AMI-147,MI-JAS-129
MI-AAK-147,MI-JAS-129
MI-MAN-280,MI-JAS-129
MI-VIN-178,MI-JAS-129
MI-APS-101,MI-JIT-101
MI-POO-173,MI-JIT-101
MI-SWA-202,MI-JIT-101
MI-TAN-281,MI-JIT-101
MI-SAK-332,MI-JIT-101
MI-TRI-122,MI-JIT-101
MI-DIP-127,MI-JIT-101
MI-UMA-114,MI-JIT-101
MI-KAN-179,MI-JIT-101
MI-SUR-184,MI-JIT-101
MI-SNE-142,MI-JIT-101
MI-RIT-236,MI-JIT-101
MI-ISH-255,MI-JIT-101
MI-RIY-167,MI-JIT-101
MI-DIK-123,MI-JIT-101
MI-RAS-148,MI-JIT-101
MI-NIK-103,MI-JYE-101
MI-AAS-140,MI-JYE-101
MI-AAS-140,MI-JYE-101
MI-JYE-101,MI-JYE-101
MI-YAS-438,MI-KAI-107
MI-SHA-467,MI-KAI-107
MI-HIM-166,MI-KAP-118
MI-PAL-147,MI-KAP-118
MI-SAL-113,MI-KAP-118
MI-ANS-160,MI-KAP-118
MI-YAG-102,MI-KAP-118
MI-AAS-187,MI-KAP-118
MI-SHI-361,MI-KAP-118
MI-VAN-130,MI-KAP-118
MI-TAN-183,MI-KAP-118
MI-PRA-462,MI-KAP-118
MI-SON-123,MI-KAP-118
MI-VAN-131,MI-KAP-118
MI-KAN-164,MI-KAP-118
MI-ANI-193,MI-KAP-118
MI-JAG-109,MI-KAP-118
MI-AMI-160,MI-KAP-118
MI-HIN-102,MI-KAP-118
MI-SAD-106,MI-KAP-118
MI-SHU-216,MI-KAP-118
MI-DIK-135,MI-KAP-118
MI-SUK-108,MI-KAP-118
MI-AAS-129,MI-KAP-118
MI-KAR-197,MI-KAP-118
MI-SHA-249,MI-KAP-118
MI-AKA-162,MI-KAP-118
MI-SUR-225,MI-KIR-102
MI-HAN-102,MI-KIR-102
MI-SAN-254,MI-KIR-102
MI-NIK-185,MI-KIR-102
MI-DGH-101,MI-KIR-102
MI-TRU-107,MI-KOM-125
MI-MUG-106,MI-KOM-125
MI-SHR-591,MI-KOM-125
MI-AAR-140,MI-KOM-125
MI-GAU-208,MI-KOM-125
MI-SWA-182,MI-KOM-125
MI-PRA-720,MI-KOM-125
MI-TAN-316,MI-KOM-125
MI-YAS-349,MI-KOM-125
MI-SAM-271,MI-KOM-125
MI-MAN-522,MI-KOM-132
MI-SON-172,MI-KRI-120
MI-PAD-109,MI-KRI-120
MI-POO-190,MI-KRI-120
MI-KRI-120,MI-KRI-120
MI-VAI-269,MI-KRI-120
MI-ARN-127,MI-KRI-120
MI-DIP-120,MI-KRI-120
MI-PRI-344,MI-KSH-101
MI-ANV-103,MI-KSH-101
MI-JAP-102,MI-KSH-101
MI-SHI-141,MI-KSH-101
MI-RIY-108,MI-KSH-101
MI-RID-118,MI-KSH-101
MI-RUP-137,MI-KSH-101
MI-TAM-103,MI-KSH-101
MI-RIT-114,MI-KSH-101
MI-KAN-109,MI-KSH-101
MI-DIP-110,MI-KSH-101
MI-SHR-392,MI-KSH-101
MI-SHR-179,MI-KSH-101
MI-RAS-130,MI-KSH-101
MI-AKA-169,MI-KSH-101
MI-YAM-103,MI-KSH-101
MI-NAV-116,MI-KUL-103
MI-NIS-142,MI-LAK-138
MI-LAK-138,MI-LAK-138
MI-NEH-123,MI-LAK-138
MI-SHU-306,MI-LAK-138
MI-VAS-116,MI-LAK-138
MI-PRA-576,MI-LAK-138
MI-RIT-249,MI-LAK-138
MI-ARU-137,MI-LAK-138
MI-ISH-191,MI-LAK-138
MI-VIS-177,MI-LAK-138
MI-SRI-130,MI-LAK-138
MI-NEH-140,MI-LAK-138
MI-MAL-112,MI-LAK-138
MI-ANJ-160,MI-LAK-138
MI-PAK-101,MI-LAK-138
MI-PRA-692,MI-LAK-138
MI-ANU-113,MI-LAK-138
MI-MAN-422,MI-LAK-138
MI-TWI-102,MI-LAK-138
MI-SUH-102,MI-LAK-138
MI-HAR-134,MI-LAK-138
MI-PAR-110,MI-LAK-138
MI-PAY-103,MI-LAK-138
MI-TAN-125,MI-LAK-138
MI-ANG-108,MI-LAK-138
MI-PRE-113,MI-LAK-138
MI-ANS-125,MI-LAK-138
MI-NAV-172,MI-LAK-138
MI-MAN-381,MI-LAK-138
MI-VAI-116,MI-LAK-138
MI-SWA-115,MI-LAK-138
MI-PEM-101,MI-LAK-138
MI-PIY-107,MI-LAK-138
MI-SKA-101,MI-LAK-138
MI-YAC-101,MI-LAK-138
MI-SHA-131,MI-LAK-138
MI-VIL-101,MI-LAK-138
MI-MAH-112,MI-LAK-138
MI-KAA-102,MI-LAK-138
MI-GAU-122,MI-LAK-138
MI-MON-103,MI-LAK-138
MI-SHR-138,MI-LAK-138
MI-SON-105,MI-LAK-138
MI-TAN-128,MI-LAK-138
MI-AVA-102,MI-LAK-138
MI-CHI-109,MI-LAK-138
MI-JAN-105,MI-LAK-138
MI-BHA-115,MI-LAK-138
MI-SAV-104,MI-LAK-138
MI-VRI-102,MI-LAK-138
MI-AKR-106,MI-LAK-138
MI-GAU-139,MI-LAK-138
MI-GAA-101,MI-LAK-138
MI-RIY-164,MI-LAK-138
MI-URA-102,MI-LAK-138
MI-TWI-111,MI-LAK-138
MI-APO-120,MI-LAK-138
MI-ANS-126,MI-LAK-138
MI-ISH-112,MI-LAK-138
MI-ANI-148,MI-LAK-138
MI-PRA-375,MI-LAK-138
MI-MUS-147,MI-LAK-138
MI-ALI-107,MI-LAK-138
MI-PRA-374,MI-LAK-138
MI-SIM-134,MI-LAK-138
MI-AAY-125,MI-LAK-138
MI-SON-175,MI-LAK-138
MI-TEJ-113,MI-LAK-138
MI-ARA-105,MI-LAK-138
MI-SAN-138,MI-LAK-138
MI-PRA-726,MI-LAK-138
MI-CHA-120,MI-LAK-138
MI-KRI-133,MI-LAK-138
MI-ASH-303,MI-LAK-138
MI-ISH-113,MI-LAK-138
MI-TAN-152,MI-LAK-138
MI-RAP-101,MI-LAK-138
MI-NAN-133,MI-LAK-138
MI-PRE-101,MI-LAK-138
MI-KRI-131,MI-LAK-138
MI-MAH-107,MI-LAK-138
MI-SIM-123,MI-LAK-138
MI-MUS-136,MI-LAK-138
MI-AAY-126,MI-LAK-138
MI-VRU-101,MI-LAK-138
MI-AAR-134,MI-LAK-138
MI-ANU-279,MI-LAK-138
MI-ALB-103,MI-LAK-138
MI-SAU-206,MI-LAK-138
MI-STE-103,MI-LAK-138
MI-ANU-287,MI-LAK-138
MI-TAN-119,MI-LAK-138
MI-ASH-306,MI-LAK-144
MI-AYU-276,MI-LAK-144
MI-SAK-231,MI-LAK-144
MI-LAX-109,MI-LAK-144
MI-NIS-209,MI-LAK-144
MI-MOH-207,MI-LAK-144
MI-NIK-227,MI-MAH-163
MI-NIS-201,MI-MAH-163
MI-SHU-556,MI-MAH-163
MI-DIV-314,MI-MAH-203
MI-KRI-225,MI-MAH-203
MI-MAN-529,MI-MAH-203
MI-GAR-170,MI-MAH-203
MI-KRI-250,MI-MAH-203
MI-MAH-203,MI-MAH-203
MI-SHR-598,MI-MOH-239
MI-MUS-253,MI-MOH-239
MI-SAL-129,MI-MOH-239
MI-MRI-117,MI-MRI-117
MI-JOS-109,MI-MUB-101
MI-SNE-174,MI-MUB-101
MI-SAM-314,MI-MUB-101
MI-TAP-113,MI-MUB-101
MI-CHE-153,MI-MUB-101
MI-URV-116,MI-NAD-103
MI-AAY-137,MI-NAI-107
MI-EKT-111,MI-NAI-107
MI-VAI-193,MI-NAI-107
MI-SEE-104,MI-NAI-107
MI-URV-108,MI-NAI-107
MI-SHI-491,MI-NAI-107
MI-AAY-136,MI-NAI-107
MI-RID-101,MI-NAI-107
MI-ISH-173,MI-NAI-107
MI-SAL-135,MI-NAI-107
MI-MAN-266,MI-NAV-126
MI-NAV-126,MI-NAV-126
MI-ANU-214,MI-NAV-126
MI-HIT-122,MI-NIR-104
MI-VAI-267,MI-NIR-104
MI-NIJ-101,MI-NIS-120
MI-DHR-192,MI-NIS-120
MI-KRI-208,MI-NIS-120
MI-ZEE-102,MI-NIS-120
MI-AES-101,MI-NIS-120
MI-MAN-477,MI-NIS-150
MI-ANA-223,MI-NIS-150
MI-SUP-116,MI-NIS-150
MI-ANJ-200,MI-NIS-150
MI-KRA-113,MI-NIS-150
MI-NIS-150,MI-NIS-150
MI-MIM-102,MI-NIS-150
MI-MAN-426,MI-NIS-150
MI-PAN-138,MI-NIS-150
MI-ISH-151,MI-NIS-150
MI-AKA-144,MI-NIS-150
MI-SHR-307,MI-NIS-150
MI-PRA-742,MI-NIS-150
MI-PRA-570,MI-NIS-150
MI-RIC-102,MI-NIS-150
MI-MUS-222,MI-NIS-150
MI-SAW-102,MI-NIS-150
MI-GOP-107,MI-NIS-150
MI-AYU-288,MI-NIS-150
MI-TAR-139,MI-NIS-150
MI-ANU-324,MI-NIS-150
MI-ANA-217,MI-NIS-150
MI-MIT-111,MI-NIS-150
MI-SAN-191,MI-NIS-150
MI-ART-101,MI-NIS-150
MI-VAG-104,MI-NIS-150
MI-SUN-114,MI-NIS-150
MI-MEE-106,MI-NIS-150
MI-MUS-129,MI-NIS-150
MI-AAI-101,MI-NIS-150
MI-SAN-191,MI-NIS-150
MI-SAW-102,MI-NIS-150
MI-MAN-477,MI-NIS-150
MI-SON-130,MI-NIY-106
MI-RID-119,MI-NIY-106
MI-PRI-203,MI-NIY-106
MI-AMR-106,MI-NIY-106
MI-KRI-147,MI-NIY-106
MI-NIY-106,MI-NIY-106
MI-SRU-121,MI-OMK-101
MI-SAK-213,MI-OMK-102
MI-RUT-103,MI-OMK-102
MI-ANU-117,MI-OMK-102
MI-SHR-110,MI-OMK-102
MI-DNY-102,MI-OMK-102
MI-SHR-197,MI-OMK-102
MI-SRI-155,MI-PAH-102
MI-SAC-139,MI-PAH-102
MI-SAL-119,MI-PAN-122
MI-KAN-151,MI-PAN-122
MI-SIM-145,MI-PAN-122
MI-GAR-132,MI-PAN-122
MI-SAN-260,MI-PAN-122
MI-PAN-122,MI-PAN-122
MI-ESH-109,MI-PAN-122
MI-HAR-325,MI-POO-132
MI-SUR-153,MI-POO-132
MI-POO-121,MI-PRA-129
MI-SAY-103,MI-PRA-129
MI-NIH-102,MI-PRA-129
MI-SAN-498,MI-PRA-129
MI-RUT-176,MI-PRA-129
MI-SAN-234,MI-PRA-129
MI-LAX-107,MI-PRA-129
MI-PRA-129,MI-PRA-129
MI-MAD-123,MI-PRA-129
MI-MUK-119,MI-PRA-129
MI-RIY-157,MI-PRA-129
MI-SHA-238,MI-PRA-129
MI-DHA-129,MI-PRA-129
MI-ANU-157,MI-PRA-141
MI-NUP-103,MI-PRA-141
MI-KAJ-104,MI-PRA-141
MI-PRI-115,MI-PRA-141
MI-BAN-104,MI-PRA-141
MI-ZIY-101,MI-PRA-152
MI-TWI-105,MI-PRA-152
MI-VAN-113,MI-PRA-152
MI-AVA-103,MI-PRA-152
MI-YAS-136,MI-PRA-152
MI-MAN-637,MI-PRA-159
MI-SON-111,MI-PRA-159
MI-KRA-101,MI-PRA-159
MI-NID-107,MI-PRA-159
MI-SHI-247,MI-PRA-159
MI-SAM-156,MI-PRA-159
MI-SHA-126,MI-PRA-159
MI-KAN-222,MI-PRA-159
MI-DIV-231,MI-PRA-159
MI-NIS-218,MI-PRA-159
MI-ANV-104,MI-PRA-159
MI-SUR-148,MI-PRA-159
MI-GAR-136,MI-PRA-159
MI-ANN-101,MI-PRA-159
MI-PRE-123,MI-PRA-159
MI-GAY-113,MI-PRA-159
MI-NID-125,MI-PRA-159
MI-KAN-168,MI-PRA-159
MI-VAN-106,MI-PRA-270
MI-VAI-173,MI-PRA-270
MI-GAR-102,MI-PRA-270
MI-NID-102,MI-PRA-270
MI-SHR-125,MI-PRA-270
MI-ISH-118,MI-PRA-270
MI-SEJ-101,MI-PRA-270
MI-TWI-101,MI-PRA-270
MI-DIV-191,MI-PRA-270
MI-VID-145,MI-PRA-270
MI-VAR-156,MI-PRA-270
MI-AAK-113,MI-PRA-270
MI-SHA-303,MI-PRA-270
MI-HIM-150,MI-PRA-270
MI-DIV-113,MI-PRA-270
MI-VAR-104,MI-PRA-270
MI-TAN-187,MI-PRA-270
MI-PRA-270,MI-PRA-270
MI-AYU-245,MI-PRA-270
MI-YAS-283,MI-PRA-270
MI-PRI-353,MI-PRA-270
MI-MEE-102,MI-PRA-270
MI-SAK-106,MI-PRA-270
MI-STU-102,MI-PRA-270
MI-SWA-117,MI-PRA-270
MI-ANA-117,MI-PRA-270
MI-BHA-110,MI-PRA-270
MI-HAR-117,MI-PRA-270
MI-ANU-330,MI-PRA-270
MI-KAJ-102,MI-PRA-270
MI-MAN-133,MI-PRA-270
MI-MAN-132,MI-PRA-270
MI-SRI-103,MI-PRA-270
MI-DAR-164,MI-PRA-270
MI-ANU-436,MI-PRA-270
MI-DHA-107,MI-PRA-270
MI-ANA-241,MI-PRA-270
MI-DEV-109,MI-PRA-270
MI-NEH-108,MI-PRA-270
MI-JAP-101,MI-PRA-270
MI-SHI-119,MI-PRA-270
MI-DIV-112,MI-PRA-270
MI-SHR-274,MI-PRA-270
MI-ITI-101,MI-PRA-270
MI-UMA-103,MI-PRA-270
MI-KSH-104,MI-PRA-270
MI-SUM-104,MI-PRA-270
MI-KAN-103,MI-PRA-270
MI-BHA-101,MI-PRA-270
MI-ARC-104,MI-PRA-270
MI-SON-106,MI-PRA-270
MI-ALI-102,MI-PRA-270
MI-NID-101,MI-PRA-270
MI-POO-101,MI-PRA-270
MI-ANA-117,MI-PRA-270
MI-VAI-107,MI-PRA-270
MI-AKR-101,MI-PRA-270
MI-KRI-107,MI-PRA-270
MI-RAS-132,MI-PRA-270
MI-SHI-259,MI-PRA-270
MI-AST-102,MI-PRA-392
MI-SUC-106,MI-PRA-392
MI-NEE-101,MI-PRA-392
MI-AMA-295,MI-PRA-392
MI-SHR-704,MI-PRA-392
MI-VRA-101,MI-PRA-392
MI-MAS-101,MI-PRA-392
MI-SHW-117,MI-PRA-392
MI-SAN-197,MI-PRA-392
MI-ANK-137,MI-PRA-631
MI-PAD-101,MI-PRA-631
MI-PRA-178,MI-PRA-631
MI-AMR-124,MI-PRA-631
MI-JYO-123,MI-PRA-631
MI-DEV-211,MI-PRA-631
MI-MUS-190,MI-PRA-631
MI-MAN-372,MI-PRA-631
MI-RIT-221,MI-PRA-631
MI-PRA-631,MI-PRA-631
MI-SON-152,MI-PRA-631
MI-LAV-123,MI-PRA-631
MI-SAK-237,MI-PRA-631
MI-SIM-169,MI-PRA-631
MI-SAK-287,MI-PRA-631
MI-AKA-244,MI-PRA-631
MI-ISH-158,MI-PRI-140
MI-RIY-129,MI-PRI-140
MI-AIM-101,MI-PRI-140
MI-SHR-254,MI-PRI-140
MI-SHA-197,MI-PRI-140
MI-ANU-180,MI-PRI-140
MI-YAM-104,MI-PRI-140
MI-DEE-178,MI-PRI-140
MI-PRA-776,MI-PRI-140
MI-AKA-182,MI-PRI-140
MI-KAN-170,MI-RAH-153
MI-ARU-140,MI-RAH-153
MI-SAN-312,MI-RAH-168
MI-AAN-107,MI-RAV-133
MI-PAY-114,MI-RAV-133
MI-MAN-301,MI-RAV-133
MI-KRI-161,MI-RAV-133
MI-FIZ-103,MI-RAV-133
MI-APU-113,MI-RAV-133
MI-RUC-154,MI-RAV-133
MI-RAM-113,MI-RAV-133
MI-TAM-102,MI-RIS-107
MI-JAH-103,MI-RIS-107
MI-TAN-122,MI-RIS-107
MI-SHI-136,MI-RIS-107
MI-MAY-176,MI-RIS-112
MI-HAR-345,MI-RIS-112
MI-RID-125,MI-RIS-112
MI-ANJ-163,MI-RIS-112
MI-GAR-139,MI-RIS-112
MI-DIY-109,MI-RIS-112
MI-NEH-142,MI-RIS-112
MI-RIS-112,MI-RIS-112
MI-VAI-216,MI-RIS-112
MI-ARU-138,MI-RIS-112
MI-SNE-130,MI-RIS-112
MI-MAN-308,MI-RIS-112
MI-MUR-102,MI-RIS-112
MI-RIT-192,MI-RIS-215
MI-MEG-124,MI-RIS-215
MI-TAN-239,MI-RIS-215
MI-PHO-101,MI-RIS-215
MI-AYU-244,MI-RIS-215
MI-MAL-113,MI-RIS-215
MI-DIY-110,MI-RIS-215
MI-KHU-153,MI-RIS-215
MI-MON-127,MI-RIS-215
MI-SNE-135,MI-RIT-111
MI-APU-110,MI-RIT-111
MI-SHI-129,MI-RIT-111
MI-JAN-126,MI-RIT-111
MI-SHA-209,MI-RIT-111
MI-SAN-212,MI-RIT-111
MI-SHR-290,MI-RIT-111
MI-SNE-145,MI-RIT-111
MI-RUT-135,MI-RIT-111
MI-JAN-113,MI-RIT-111
MI-RIT-111,MI-RIT-111
MI-HAR-193,MI-RIT-123
MI-NIH-118,MI-RIT-123
MI-KHU-112,MI-RIT-123
MI-YAS-152,MI-RIT-123
MI-VAR-112,MI-RIT-123
MI-PRI-198,MI-RIT-123
MI-SIM-113,MI-RIT-123
MI-NIY-102,MI-RIT-123
MI-MRU-106,MI-RIT-123
MI-RUC-103,MI-RIT-123
MI-RIT-123,MI-RIT-123
MI-GAU-115,MI-RIT-123
MI-TAN-184,MI-RIT-123
MI-HAR-164,MI-RIT-123
MI-MAN-156,MI-RIT-123
MI-RIT-231,MI-RIT-231
MI-SHE-162,MI-RIT-231
MI-DIY-102,MI-RIY-111
MI-RIY-111,MI-RIY-111
MI-ANA-207,MI-RIY-111
MI-ANA-207,MI-RIY-111
MI-RID-148,MI-RIY-111
MI-YAS-262,MI-RIY-111
MI-PAL-141,MI-RIY-111
MI-YOG-107,MI-RIY-111
MI-GAY-123,MI-RIY-111
MI-PUR-150,MI-RIY-111
MI-TAN-116,MI-RIY-111
MI-SRU-115,MI-ROM-111
MI-ROM-111,MI-ROM-111
MI-DIK-127,MI-ROM-111
MI-NIS-119,MI-ROM-111
MI-ANS-155,MI-ROM-111
MI-RIY-145,MI-ROM-111
MI-SWA-190,MI-RUP-113
MI-RUP-113,MI-RUP-113
MI-DIA-103,MI-SAK-101
MI-SIN-109,MI-SAK-101
MI-GAY-125,MI-SAK-101
MI-JAY-271,MI-SAK-101
MI-SRI-172,MI-SAK-101
MI-SAS-105,MI-SAK-101
MI-REV-101,MI-SAK-131
MI-MAR-103,MI-SAK-131
MI-SAK-131,MI-SAK-131
MI-RIT-240,MI-SAK-227
MI-SHU-363,MI-SAK-227
MI-ARU-162,MI-SAM-110
MI-PAL-183,MI-SAM-110
MI-REG-101,MI-SAM-110
MI-ISH-295,MI-SAM-110
MI-RIM-108,MI-SAM-110
MI-TAN-345,MI-SAM-110
MI-ANK-300,MI-SAM-110
MI-GAG-107,MI-SAM-110
MI-SIM-193,MI-SAM-110
MI-SAM-110,MI-SAM-110
MI-AAS-105,MI-SAM-110
MI-HIM-103,MI-SAM-110
MI-MAH-106,MI-SAM-110
MI-VID-149,MI-SAM-139
MI-ANU-359,MI-SAM-139
MI-APO-137,MI-SAM-239
MI-DIV-234,MI-SAM-239
MI-SOU-208,MI-SAM-239
MI-DEV-214,MI-SAM-239
MI-ISH-241,MI-SAM-239
MI-NIV-110,MI-SAM-239
MI-TOS-104,MI-SAM-239
MI-SWE-120,MI-SAM-239
MI-SNE-163,MI-SAM-247
MI-MAN-447,MI-SAM-247
MI-PRA-134,MI-SAM-247
MI-ABH-529,MI-SAM-247
MI-SHR-198,MI-SAM-247
MI-SWA-204,MI-SAM-247
MI-AME-117,MI-SAM-247
MI-AAN-115,MI-SAM-247
MI-SAM-255,MI-SAM-247
MI-CHA-132,MI-SAM-247
MI-PRA-851,MI-SAM-247
MI-MAY-231,MI-SAM-247
MI-SEJ-122,MI-SAM-247
MI-ADI-113,MI-SAM-247
MI-SEJ-124,MI-SAM-247
MI-BHA-102,MI-SAM-247
MI-RAD-130,MI-SAM-247
MI-DIV-302,MI-SAM-247
MI-RUT-104,MI-SAM-247
MI-SHR-430,MI-SAM-247
MI-SID-250,MI-SAM-247
MI-KSH-103,MI-SAM-247
MI-SAF-101,MI-SAM-247
MI-SAN-113,MI-SAM-247
MI-TAM-108,MI-SAN-134
MI-SHW-105,MI-SAN-134
MI-SAN-134,MI-SAN-134
MI-SAK-133,MI-SAN-157
MI-SNE-157,MI-SAN-157
MI-BAR-103,MI-SAN-157
MI-MAN-469,MI-SAN-298
MI-TAN-235,MI-SAN-298
MI-KHY-109,MI-SAN-298
MI-DEV-197,MI-SAN-298
MI-SUP-110,MI-SAN-298
MI-MUS-175,MI-SAN-298
MI-SHR-488,MI-SAN-298
MI-SRI-137,MI-SAN-298
MI-PRA-660,MI-SAN-298
MI-MUS-231,MI-SAN-298
MI-NIT-150,MI-SAN-298
MI-MAN-382,MI-SAN-298
MI-SIM-166,MI-SAN-298
MI-GAR-142,MI-SAN-298
MI-SOM-122,MI-SAN-298
MI-SAT-159,MI-SAU-209
MI-SER-101,MI-SAU-209
MI-JIG-108,MI-SAU-209
MI-NIM-138,MI-SAU-209
MI-SAU-155,MI-SHA-213
MI-SHA-213,MI-SHA-213
MI-PAL-134,MI-SHA-213
MI-VAN-129,MI-SHR-114
MI-MEE-111,MI-SHR-114
MI-JAS-116,MI-SHR-114
MI-NIH-113,MI-SHR-114
MI-TWI-113,MI-SHR-114
MI-KRI-196,MI-SHR-114
MI-GAR-128,MI-SHR-114
MI-CHA-106,MI-SHR-114
MI-SNE-101,MI-SHR-114
MI-GAU-104,MI-SHR-114
MI-RAS-106,MI-SHR-114
MI-DEA-101,MI-SHR-114
MI-SUD-104,MI-SHR-114
MI-NIH-109,MI-SHR-114
MI-SAL-156,MI-SHR-114
MI-KRI-185,MI-SHR-130
MI-SHR-130,MI-SHR-130
MI-SHR-232,MI-SHR-232
MI-DHA-151,MI-SHR-375
MI-SHR-378,MI-SHR-378
MI-VIP-123,MI-SHR-378
MI-VAR-200,MI-SHR-378
MI-SHR-406,MI-SHR-379
MI-VAN-166,MI-SHR-379
MI-DIV-207,MI-SHR-379
MI-RUC-129,MI-SHR-379
MI-NIR-120,MI-SHR-379
MI-RAH-209,MI-SHR-379
MI-ANK-244,MI-SHR-379
MI-TAN-265,MI-SHR-379
MI-JIN-106,MI-SHR-379
MI-POO-161,MI-SHR-379
MI-VID-132,MI-SHR-379
MI-SIM-190,MI-SHR-379
MI-DAR-127,MI-SHR-379
MI-ANS-175,MI-SHR-379
MI-JAH-112,MI-SHR-379
MI-TWI-110,MI-SHR-379
MI-JAI-135,MI-SHR-379
MI-PRA-926,MI-SHR-386
MI-MUS-159,MI-SHR-386
MI-KAV-129,MI-SHR-386
MI-KRI-157,MI-SHR-386
MI-SHR-116,MI-SHR-386
MI-PAV-108,MI-SHR-386
MI-AKA-184,MI-SHR-386
MI-NIK-296,MI-SHR-386
MI-ANK-191,MI-SHR-386
MI-SHR-386,MI-SHR-386
MI-PRA-460,MI-SHR-400
MI-AAD-109,MI-SHR-400
MI-LIP-101,MI-SHR-400
MI-SWE-114,MI-SHR-400
MI-NAI-109,MI-SHR-400
MI-SHR-280,MI-SHR-400
MI-SHR-495,MI-SHR-495
MI-PRI-314,MI-SHU-122
MI-SHU-237,MI-SHU-237
MI-SAN-303,MI-SHU-313
MI-ANK-138,MI-SHU-313
MI-MAN-203,MI-SHU-313
MI-AAS-138,MI-SHU-313
MI-ANI-196,MI-SHU-313
MI-SON-114,MI-SHU-313
MI-TAN-165,MI-SHU-313
MI-BHA-153,MI-SHU-313
MI-VAI-174,MI-SHU-313
MI-ESH-110,MI-SHU-313
MI-RIT-198,MI-SHU-313
MI-MIL-116,MI-SHU-313
MI-VAI-183,MI-SHU-313
MI-GAR-126,MI-SHU-313
MI-PAR-158,MI-SHU-313
MI-MUS-179,MI-SHU-313
MI-BHA-210,MI-SHU-313
MI-SRI-124,MI-SHU-313
MI-BRI-105,MI-SHU-313
MI-NIK-211,MI-SHU-313
MI-TIN-101,MI-SHU-313
MI-AVA-110,MI-SHU-313
MI-MAH-158,MI-SHU-313
MI-VAN-138,MI-SHU-313
MI-NEH-149,MI-SHU-313
MI-SNI-103,MI-SHU-313
MI-KHU-123,MI-SHU-313
MI-MUS-142,MI-SHU-313
MI-AAY-129,MI-SHU-313
MI-AAY-120,MI-SHU-313
MI-PAR-143,MI-SHU-313
MI-ISH-138,MI-SHU-313
MI-PRI-259,MI-SHU-313
MI-AYU-247,MI-SHU-313
MI-SAR-160,MI-SHU-313
MI-ISH-229,MI-SHU-386
MI-ISH-229,MI-SHU-386
MI-BHA-249,MI-SHU-386
MI-ANU-327,MI-SHU-386
MI-AAS-166,MI-SHU-386
MI-PRI-322,MI-SHU-386
MI-BHO-112,MI-SHU-386
MI-ANU-301,MI-SHY-104
MI-SHY-104,MI-SHY-104
MI-ISH-245,MI-SOM-109
MI-SAK-130,MI-SOM-109
MI-RAS-116,MI-SOM-109
MI-VAR-117,MI-SOM-109
MI-AYU-289,MI-SOM-109
MI-SHR-194,MI-SOM-109
MI-SHR-182,MI-SOM-109
MI-ADI-177,MI-SOM-109
MI-SHR-178,MI-SOM-109
MI-SOU-173,MI-SOM-109
MI-RIC-112,MI-SOU-152
MI-SOU-152,MI-SOU-152
MI-NEH-101,MI-SOU-152
MI-MAN-609,MI-SOU-152
MI-JAN-133,MI-SOU-152
MI-PRA-653,MI-SOU-152
MI-ROS-121,MI-SOU-176
MI-ABO-103,MI-SOU-176
MI-YAS-301,MI-SOU-176
MI-NAR-108,MI-SOU-176
MI-TAN-156,MI-SOU-176
MI-SWA-175,MI-SOU-176
MI-VAI-218,MI-SOU-176
MI-AVA-126,MI-SOU-176
MI-SAK-243,MI-SOU-176
MI-DIT-102,MI-SOU-176
MI-VAI-203,MI-SOU-176
MI-JAN-143,MI-SOU-176
MI-YAS-260,MI-SOU-176
MI-NIK-252,MI-SOU-176
MI-HAR-428,MI-SOU-176
MI-SRI-129,MI-SRI-129
MI-AMI-132,MI-SRU-104
MI-KRA-102,MI-SRU-104
MI-NIS-157,MI-SRU-104
MI-SRU-104,MI-SRU-104
MI-SHI-232,MI-SRU-104
MI-MAH-136,MI-SUH-104
MI-PAL-122,MI-SUH-104
MI-DEE-169,MI-SUH-104
MI-MRU-114,MI-SUH-104
MI-PAL-143,MI-SUH-104
MI-VAI-188,MI-SUH-104
MI-MUS-163,MI-SUH-104
MI-AYU-217,MI-SUH-104
MI-KIR-129,MI-SUH-104
MI-KHU-132,MI-SUH-104
MI-NEH-134,MI-SUH-104
MI-SAM-177,MI-SUH-104
MI-SAK-178,MI-SUH-104
MI-STU-110,MI-SUH-104
MI-PRA-400,MI-SUH-104
MI-SON-138,MI-SUH-104
MI-KHU-139,MI-SUH-104
MI-SHI-319,MI-SUH-104
MI-RAC-114,MI-SUH-104
MI-SUH-104,MI-SUH-104
MI-TAN-342,MI-SUN-106
MI-NIP-105,MI-SUN-106
MI-SHR-128,MI-SUN-106
MI-VID-104,MI-SUN-106
MI-TAN-117,MI-SUN-106
MI-AYU-237,MI-SUN-106
MI-AYU-236,MI-SUN-106
MI-PUR-121,MI-SUN-106
MI-VAN-178,MI-SUN-106
MI-PRA-578,MI-SUP-101
MI-MEE-113,MI-SUP-101
MI-SAK-163,MI-SUP-101
MI-GYA-102,MI-SUP-101
MI-ARP-202,MI-SUP-101
MI-PAL-155,MI-SUP-101
MI-PAY-102,MI-SUP-101
MI-RIT-122,MI-SUP-101
MI-AYU-255,MI-SUP-101
MI-AYU-255,MI-SUP-101
MI-USH-101,MI-SUP-103
MI-SUT-102,MI-SUP-103
MI-VIN-102,MI-SWA-143
MI-SWA-143,MI-SWA-143
MI-SAN-296,MI-SWA-187
MI-RAH-311,MI-SWA-187
MI-ANJ-204,MI-SWA-187
MI-PRA-688,MI-SWA-187
MI-ANI-291,MI-SWA-187
MI-KAN-207,MI-SWA-187
MI-PRI-395,MI-SWA-187
MI-SWA-187,MI-SWA-187
MI-SWE-126,MI-SWA-187
MI-USH-107,MI-SWA-187
MI-LAK-102,MI-SWA-187
MI-MAH-209,MI-SWA-187
MI-SMR-117,MI-SWA-187
MI-SAN-296,MI-SWA-187
MI-KE-101,MI-SWA-187
MI-VAN-149,MI-TAN-101
MI-ARS-103,MI-TAN-101
MI-ROM-101,MI-TAN-101
MI-BHA-106,MI-TAN-101
MI-GAR-105,MI-TAN-101
MI-RIY-106,MI-TAN-101
MI-NIK-110,MI-TAN-101
MI-VAN-104,MI-TAN-101
MI-SON-103,MI-TAN-101
MI-KAN-105,MI-TAN-101
MI-SUR-103,MI-TAN-101
MI-ASH-121,MI-TAN-101
MI-MUS-103,MI-TAN-101
MI-JYO-103,MI-TAN-101
MI-KRI-114,MI-TAN-101
MI-SHI-127,MI-TAN-101
MI-URV-101,MI-TAN-101
MI-SHR-123,MI-TAN-101
MI-RAN-103,MI-TAN-101
MI-SHI-125,MI-TAN-101
MI-PAR-108,MI-TAN-101
MI-SHR-363,MI-TAN-101
MI-ANU-226,MI-TAN-101
MI-TAM-109,MI-TAN-101
MI-ASH-278,MI-TAN-101
MI-DEV-194,MI-TAN-101
MI-RIC-114,MI-TAN-101
MI-HIM-193,MI-TAN-101
MI-VAI-225,MI-TAN-101
MI-PRE-133,MI-TAN-101
MI-NEH-153,MI-TAN-101
MI-NUP-108,MI-TAN-101
MI-ALI-115,MI-TAN-101
MI-SAN-102,MI-TAN-101
MI-TAN-101,MI-TAN-101
MI-DIV-102,MI-TAN-101
MI-KRI-105,MI-TAN-101
MI-AVA-104,MI-TAN-191
MI-JIG-106,MI-TAN-191
MI-PRA-227,MI-TAN-191
MI-ISH-143,MI-URM-101
MI-URM-101,MI-URM-101
MI-HAR-537,MI-UTK-103
MI-EKL-101,MI-UTK-103
MI-RIY-105,MI-UTK-103
MI-ANK-109,MI-UTK-103
MI-HAR-107,MI-UTK-103
MI-16C-102,MI-VAI-112
MI-VIS-287,MI-VAI-112
MI-VAI-291,MI-VAI-217
MI-PRA-1124,MI-VAI-217
MI-RUC-141,MI-VAI-217
MI-POO-156,MI-VAI-217
MI-KSH-130,MI-VAI-217
MI-NIK-234,MI-VAI-253
MI-NEE-114,MI-VAI-253
MI-PRA-558,MI-VAI-253
MI-ANK-237,MI-VAI-253
MI-PRA-1194,MI-VAI-253
MI-SAK-302,MI-VAR-122
MI-SAK-303,MI-VAR-122
MI-MAD-167,MI-VAR-122
MI-PRI-403,MI-VAR-122
MI-RUJ-106,MI-VIR-124
MI-SHR-637,MI-VIR-124
MI-SHU-537,MI-VIR-124
MI-PRA-1093,MI-VIR-124
MI-SHR-625,MI-VIR-124
MI-SAM-276,MI-VIR-124
MI-RUT-149,MI-VIR-124
MI-SHR-457,MI-VIR-124
MI-JAG-129,MI-VIR-124
MI-NEH-205,MI-VIR-124
MI-ANA-252,MI-VIR-124
MI-ANK-337,MI-VIR-124
MI-SHR-187,MI-VRI-101
MI-VRI-101,MI-VRI-101
MI-SIM-121,MI-VRI-101
MI-NAI-117,MI-YAS-271
MI-NAI-117,MI-YAS-271
MI-VAR-135,MI-YAS-271
MI-ARU-145,MI-YAS-271
MI-SHR-256,MI-YAS-271
MI-HAR-499,MI-YAS-271
MI-FAL-103,MI-YAS-271
MI-DEV-189,MI-YAS-271
MI-OJA-104,MI-YAS-271
MI-MEE-104,MI-YAS-271
MI-ISR-101,MI-YAS-271
MI-MEH-135,MI-YAS-271
MI-YAS-271,MI-YAS-271
MI-RIT-194,MI-YAS-271
MI-ANV-109,MI-YAS-271
MI-SIM-162,MI-YAS-271
MI-ANJ-170,MI-YAS-271
MI-SAN-305,MI-YAS-271
MI-SUH-111,MI-YAS-271
MI-PRA-920,MI-YAS-271
MI-SOM-124,MI-YAS-271
MI-SHR-357,MI-YAS-271
MI-SHR-398,MI-YAS-271
MI-APU-116,MI-YAS-271
MI-RUP-112,MI-YAS-271
MI-KIR-120,MI-YAS-271
MI-OIS-101,MI-YAS-271
MI-VID-121,MI-YAS-271
MI-ZIN-103,MI-YAS-271
MI-SHE-129,MI-YAS-271
MI-KAR-146,MI-YAS-271
MI-SHI-552,MI-YAS-271
MI-PRA-411,MI-YAS-271
MI-NAV-123,MI-YAS-271
MI-SMI-113,MI-YAS-271
MI-SUM-122,MI-YAS-271
MI-MAD-118,MI-YAS-271
MI-RIT-218,MI-YAS-271
MI-TAV-102,MI-YAS-271
MI-FAI-105,MI-YAS-384
MI-RHY-108,MI-YAS-384
MI-TAR-121,MI-YAS-384
MI-MAN-272,MI-YAS-384
MI-SUK-110,MI-YAS-384
MI-SHU-252,MI-YAS-384
MI-VAN-146,MI-YAS-384
MI-SAL-147,MI-YAS-384
MI-NAI-116,MI-YES-107
MI-BAN-101,MI-YES-107
MI-SHR-168,MI-YES-107
MI-HAR-404,MI-YES-107
MI-SAM-180,MI-YES-107
MI-CHE-144,MI-YES-107
MI-DRI-109,MI-YES-107
MI-SHI-292,MI-YES-107
MI-ISH-215,MI-YES-107
MI-NEH-160,MI-YES-107
MI-BHA-272,MI-YES-107
MI-YES-107,MI-YES-107
MI-BHA-120,MI-YES-107
MI-GUN-127,MI-YES-107
MI-ADI-137,MI-YES-107
MI-VAR-111,MI-YES-107
MI-YAM-112,MI-YES-107
MI-SMR-105,MI-YES-107
MI-SHI-323,MI-YES-107
MI-AAY-109,MI-YES-107
MI-KIR-124,MI-YES-107
MI-ISH-131,MI-YES-107
MI-RAG-122,MI-YES-107
MI-RIT-220,MI-YES-107
MI-GAR-131,MI-YES-107
MI-SHW-137,MI-YES-107
MI-REH-103,MI-YES-107
MI-DRI-117,MI-YES-107
MI-VAN-139,MI-YES-107
MI-SUR-186,MI-YES-107
MI-SOM-129,MI-YES-107
MI-AAK-144,MI-YES-107
MI-DIK-106,MI-YES-107
MI-SAN-256,MI-YES-107
MI-MUS-204,MI-YES-107
MI-ADI-368,MI-YES-107
MI-SHA-427,MI-YES-107
MI-ANU-167,MI-YES-107
MI-NEE-147,MI-YES-107
MI-SHU-377,MI-YES-107
MI-SHR-422,MI-YES-107
MI-NAN-135,MI-YES-107
MI-KHU-165,MI-ZEB-101
MI-ZEB-101,MI-ZEB-101
MI-DIM-107,MI-ZEB-101
MI-SHI-496,MI-AAK-134
MI-MAN-410,MI-AAK-134
MI-AAY-165,MI-AAK-134
MI-MAN-508,MI-AAK-159
MI-SHR-531,MI-AAK-159
MI-SHI-559,MI-AAK-159
MI-ARS-127,MI-AAK-159
MI-SHR-534,MI-AAK-159
MI-MAX-101,MI-AAK-159
MI-KAU-142,MI-AAK-159
MI-TAN-157,MI-AAR-111
MI-VIS-119,MI-AAR-111
MI-PIY-110,MI-AAR-111
MI-AAR-111,MI-AAR-111
MI-SAG-109,MI-AAR-111
MI-HAR-198,MI-AAR-111
MI-AAS-115,MI-AAS-115
MI-HAR-267,MI-AAS-115
MI-ABH-102,MI-ABH-102
MI-AKS-185,MI-ABH-102
MI-HAR-305,MI-ABH-102
MI-SHI-335,MI-ABH-102
MI-HAR-423,MI-ABH-102
MI-LOK-110,MI-ABH-102
MI-NIT-164,MI-ABH-102
MI-PRA-754,MI-ABH-102
MI-GAU-216,MI-ABH-102
MI-SWA-198,MI-ABH-102
MI-DIV-216,MI-ABH-102
MI-VIN-166,MI-ABH-102
MI-GAU-217,MI-ABH-102
MI-SHU-371,MI-ABH-102
MI-RAH-254,MI-ABH-102
MI-JAY-211,MI-ABH-102
MI-KAN-180,MI-ABH-102
MI-SUN-145,MI-ABH-102
MI-SHI-190,MI-ABH-126
MI-MOH-112,MI-ABH-126
MI-SHI-169,MI-ABH-126
MI-SOM-114,MI-ABH-126
MI-SAR-115,MI-ABH-126
MI-SOM-114,MI-ABH-126
MI-PAW-104,MI-ABH-126
MI-YAS-162,MI-ABH-126
MI-RAH-136,MI-ABH-126
MI-GAU-248,MI-ABH-126
MI-CHA-131,MI-ABH-126
MI-KAR-125,MI-ABH-126
MI-DEV-125,MI-ABH-126
MI-HAR-223,MI-ABH-126
MI-ABH-181,MI-ABH-126
MI-ABH-126,MI-ABH-126
MI-PRA-936,MI-ABH-144
MI-ABH-524,MI-ABH-144
MI-AKS-376,MI-ABH-144
MI-ANU-223,MI-ABH-144
MI-ABH-144,MI-ABH-144
MI-VIN-146,MI-ABH-144
MI-VIS-212,MI-ABH-144
MI-ANU-316,MI-ABH-144
MI-RAH-219,MI-ABH-144
MI-LOK-113,MI-ABH-144
MI-MAY-187,MI-ABH-144
MI-DEE-315,MI-ABH-144
MI-ABH-155,MI-ABH-155
MI-ARP-178,MI-ABH-155
MI-ANK-255,MI-ABH-155
MI-DEE-138,MI-ABH-155
MI-YUV-107,MI-ABH-155
MI-AYU-382,MI-ABH-155
MI-DIG-111,MI-ABH-155
MI-ABH-600,MI-ABH-588
MI-ABH-588,MI-ABH-588
MI-ANU-395,MI-ABH-588
MI-ADI-201,MI-ADI-201
MI-HAR-448,MI-ADI-201
MI-AYU-327,MI-ADI-236
MI-ANA-221,MI-ADI-236
MI-PRA-928,MI-ADI-236
MI-ADI-236,MI-ADI-236
MI-PRA-212,MI-ADI-236
MI-AKA-173,MI-ADI-236
MI-NAY-109,MI-ADI-236
MI-SOM-131,MI-ADI-236
MI-ACH-102,MI-ADI-236
MI-DEE-253,MI-ADI-332
MI-AKA-222,MI-ADI-332
MI-ADI-332,MI-ADI-332
MI-DHR-160,MI-ADI-358
MI-PRA-272,MI-ADI-358
MI-AZI-102,MI-ADI-358
MI-KUN-179,MI-ADI-358
MI-SHU-445,MI-ADI-358
MI-SAG-127,MI-ADI-358
MI-CHI-205,MI-ADI-358
MI-APO-155,MI-ADI-358
MI-DEE-236,MI-ADI-358
MI-WAS-101,MI-ADI-358
MI-PRA-617,MI-ADI-358
MI-SAU-259,MI-ADI-358
MI-MEE-145,MI-ADI-358
MI-ARV-117,MI-ADI-358
MI-DER-101,MI-ADI-358
MI-SAN-393,MI-ADI-415
MI-DEB-125,MI-ADI-415
MI-ADI-415,MI-ADI-415
MI-DUR-112,MI-AKA-234
MI-MOH-200,MI-AKA-234
MI-LAK-146,MI-AKA-234
MI-AKH-126,MI-AKH-126
MI-AYU-315,MI-AKH-126
MI-DHA-164,MI-AKH-126
MI-SHI-620,MI-AKS-147
MI-SHR-623,MI-AKS-147
MI-BHA-256,MI-AKS-147
MI-AKS-147,MI-AKS-147
MI-PRI-200,MI-AKS-147
MI-RAK-132,MI-AMA-101
MI-AMA-186,MI-AMA-101
MI-AMA-101,MI-AMA-101
MI-MAY-127,MI-AMA-106
MI-SID-243,MI-AMA-106
MI-PRS-101,MI-AMA-106
MI-ABH-322,MI-AMA-106
MI-ARJ-117,MI-AMA-106
MI-AMA-106,MI-AMA-106
MI-GAU-185,MI-AMA-106
MI-HRI-102,MI-AMA-106
MI-AMO-113,MI-AMA-230
MI-SHR-437,MI-AMA-230
MI-SHU-343,MI-AMA-230
MI-SAM-227,MI-AMA-230
MI-GUR-120,MI-AMA-230
MI-RIS-205,MI-AMA-230
MI-VID-137,MI-AMA-230
MI-SAU-232,MI-AMA-230
MI-TAN-257,MI-AMA-230
MI-AMA-230,MI-AMA-230
MI-HIM-198,MI-AMA-230
MI-SID-201,MI-AMA-230
MI-SHU-393,MI-AMA-230
MI-VIV-143,MI-AMA-230
MI-VAR-166,MI-AMA-230
MI-ADI-345,MI-AMA-230
MI-ASH-291,MI-AMA-230
MI-SOU-110,MI-AMB-101
MI-AMB-101,MI-AMB-101
MI-APO-114,MI-AME-106
MI-AMA-252,MI-AME-106
MI-PAR-318,MI-AME-106
MI-AZI-101,MI-AME-106
MI-ASH-172,MI-AME-106
MI-AMA-115,MI-AME-106
MI-DEE-168,MI-AME-106
MI-ANU-267,MI-AME-106
MI-UTK-191,MI-AME-106
MI-RIS-170,MI-AME-106
MI-HAR-403,MI-AME-106
MI-CHI-119,MI-AME-106
MI-SHI-112,MI-AME-106
MI-VIS-141,MI-AME-106
MI-RAJ-165,MI-AME-106
MI-SOU-246,MI-AME-106
MI-AME-106,MI-AME-106
MI-ADA-134,MI-AME-106
MI-SID-239,MI-AME-106
MI-PAR-309,MI-AME-106
MI-RIT-234,MI-AME-106
MI-SHU-191,MI-AME-106
MI-AYU-104,MI-AME-106
MI-RAH-149,MI-AME-106
MI-ABH-161,MI-AME-106
MI-RAC-109,MI-AME-106
MI-RIS-164,MI-AME-106
MI-SAT-118,MI-AME-106
MI-MRI-123,MI-AME-106
MI-KES-104,MI-AMR-126
MI-LAV-104,MI-AMR-126
MI-MAN-437,MI-AMR-126
MI-ADI-240,MI-AMR-126
MI-AMI-137,MI-AMR-126
MI-AMR-126,MI-AMR-126
MI-ROS-120,MI-ANH-103
MI-SUL-103,MI-ANH-103
MI-SUL-103,MI-ANH-103
MI-ANH-103,MI-ANH-103
MI-VAI-277,MI-ANH-103
MI-EES-105,MI-ANH-103
MI-ABH-462,MI-ANH-103
MI-YAS-235,MI-ANI-173
MI-SAN-267,MI-ANI-173
MI-CHI-135,MI-ANI-173
MI-ANI-173,MI-ANI-173
MI-TAN-207,MI-ANI-173
MI-SHU-273,MI-ANI-173
MI-KAL-111,MI-ANI-173
MI-GAU-166,MI-ANI-173
MI-PRA-519,MI-ANI-173
MI-ANI-195,MI-ANI-195
MI-ARY-147,MI-ANK-104
MI-ABH-309,MI-ANK-104
MI-HAR-149,MI-ANK-104
MI-SOU-164,MI-ANK-104
MI-PAR-236,MI-ANK-104
MI-ANK-122,MI-ANK-104
MI-DHE-107,MI-ANK-104
MI-SAM-178,MI-ANK-104
MI-ANU-162,MI-ANK-104
MI-MIT-116,MI-ANK-104
MI-JIT-113,MI-ANK-104
MI-KSH-113,MI-ANK-104
MI-LOV-104,MI-ANK-104
MI-AVI-150,MI-ANK-104
MI-NIH-139,MI-ANK-104
MI-SAH-207,MI-ANK-104
MI-SOM-145,MI-ANK-104
MI-KAR-302,MI-ANK-104
MI-SAN-486,MI-ANK-104
MI-AKS-356,MI-ANK-104
MI-NIK-189,MI-ANK-104
MI-ANK-104,MI-ANK-104
MI-AAK-106,MI-ANK-111
MI-RAH-114,MI-ANK-111
MI-ROB-107,MI-ANK-111
MI-SUM-109,MI-ANK-111
MI-ROB-107,MI-ANK-111
MI-JAT-102,MI-ANK-111
MI-MUZ-106,MI-ANK-111
MI-CLA-101,MI-ANK-111
MI-ALY-101,MI-ANK-111
MI-ANK-111,MI-ANK-111
MI-MUH-101,MI-ANK-111
MI-DIV-120,MI-ANK-124
MI-PRA-290,MI-ANK-124
MI-SAK-141,MI-ANK-124
MI-ARY-113,MI-ANK-124
MI-ISH-148,MI-ANK-124
MI-CHI-111,MI-ANK-124
MI-CHI-169,MI-ANK-124
MI-ANK-124,MI-ANK-124
MI-HIM-231,MI-ANK-124
MI-ANI-128,MI-ANK-124
MI-NIK-150,MI-ANK-124
MI-PUS-118,MI-ANM-117
MI-AAS-145,MI-ANM-117
MI-MAN-208,MI-ANM-117
MI-PRA-121,MI-ANM-117
MI-UMA-101,MI-ANM-117
MI-ANM-117,MI-ANM-117
MI-BHA-130,MI-ANM-117
MI-YES-104,MI-ANS-198
MI-ARY-124,MI-ANS-198
MI-MIL-114,MI-ANS-198
MI-ADI-281,MI-ANS-198
MI-TAN-225,MI-ANS-198
MI-ARJ-116,MI-ANU-237
MI-ARC-121,MI-ANU-237
MI-ANU-237,MI-ANU-237
MI-ANU-160,MI-ANU-304
MI-ANI-313,MI-ANU-304
MI-VIN-183,MI-ANU-304
MI-ANU-304,MI-ANU-304
MI-ISH-269,MI-ANU-304
MI-CHE-147,MI-ANU-304
MI-AAD-113,MI-ANU-312
MI-ADO-102,MI-ANU-312
MI-AJI-116,MI-ANU-312
MI-ANU-312,MI-ANU-312
MI-KIR-127,MI-ANU-312
MI-AMA-245,MI-ANU-312
MI-VED-152,MI-APO-133
MI-ANU-280,MI-APO-133
MI-LAK-145,MI-APO-133
MI-VAT-107,MI-APO-133
MI-ADI-297,MI-APO-133
MI-NAV-180,MI-APO-133
MI-SWA-218,MI-APO-133
MI-APO-133,MI-APO-133
MI-ARI-104,MI-ARP-148
MI-ANI-249,MI-ARP-148
MI-SID-247,MI-ARP-148
MI-ABH-278,MI-ARP-148
MI-ADI-311,MI-ARP-148
MI-PRA-536,MI-ARP-148
MI-DEE-233,MI-ARP-148
MI-ARP-148,MI-ARP-148
MI-JIN-110,MI-ARS-125
MI-SAU-215,MI-ARS-125
MI-YAS-404,MI-ARS-125
MI-AYU-243,MI-ARS-125
MI-DIV-218,MI-ARS-125
MI-RAH-135,MI-ARS-125
MI-SNI-107,MI-ARS-125
MI-NAV-177,MI-ARS-125
MI-MAT-104,MI-ARS-125
MI-DIV-262,MI-ARS-125
MI-NIM-128,MI-ARS-125
MI-VIV-141,MI-ARS-125
MI-ARS-125,MI-ARS-125
MI-SHU-471,MI-ARS-125
MI-ANI-272,MI-ARS-125
MI-KRI-227,MI-ARS-125
MI-ANK-304,MI-ARS-125
MI-MAN-487,MI-ARS-125
MI-SRI-157,MI-ARS-125
MI-ROH-180,MI-ARY-117
MI-GAU-160,MI-ARY-117
MI-DHR-108,MI-ARY-117
MI-ANA-119,MI-ARY-117
MI-NEO-101,MI-ARY-117
MI-SHW-106,MI-ARY-117
MI-ABH-465,MI-ARY-117
MI-YAS-138,MI-ARY-117
MI-SAP-102,MI-ARY-117
MI-AYU-207,MI-ARY-117
MI-KAR-159,MI-ARY-117
MI-SAH-129,MI-ARY-117
MI-ANU-206,MI-ARY-117
MI-KAR-159,MI-ARY-117
MI-RYA-101,MI-ARY-117
MI-HRI-112,MI-ARY-117
MI-KAB-102,MI-ARY-117
MI-SHI-303,MI-ARY-117
MI-AMA-183,MI-ARY-117
MI-REU-102,MI-ARY-117
MI-RIT-164,MI-ARY-117
MI-SHU-241,MI-ARY-117
MI-SAK-165,MI-ARY-117
MI-VAN-142,MI-ARY-117
MI-MOH-155,MI-ARY-117
MI-PAR-167,MI-ARY-117
MI-ASH-139,MI-ARY-117
MI-AKS-124,MI-ARY-117
MI-SAM-170,MI-ARY-117
MI-ANI-218,MI-ARY-117
MI-SHU-245,MI-ARY-117
MI-ARN-107,MI-ARY-117
MI-RAU-103,MI-ARY-117
MI-JIT-108,MI-ARY-117
MI-AKS-129,MI-ARY-117
MI-RIT-156,MI-ARY-117
MI-ANI-170,MI-ARY-117
MI-KAR-121,MI-ARY-117
MI-TAN-140,MI-ARY-117
MI-SHU-243,MI-ARY-117
MI-ARY-117,MI-ARY-117
MI-MRI-101,MI-ASH-101
MI-TAH-105,MI-ASH-101
MI-ANA-272,MI-ASH-101
MI-ASH-102,MI-ASH-101
MI-FAI-103,MI-ASH-101
MI-LAV-101,MI-ASH-101
MI-ASH-101,MI-ASH-101
MI-ANI-101,MI-ASH-101
MI-ANU-101,MI-ASH-101
MI-ANI-105,MI-ASH-101
MI-ATH-102,MI-ATH-102
MI-SHA-107,MI-ATH-102
MI-NAT-101,MI-ATH-102
MI-AMO-101,MI-ATH-102
MI-HRI-104,MI-ATH-102
MI-SHA-182,MI-ATH-102
MI-ATH-103,MI-ATH-102
MI-HAR-376,MI-AYU-154
MI-DHR-191,MI-AYU-154
MI-ADI-484,MI-AYU-154
MI-KSH-145,MI-AYU-154
MI-MAN-466,MI-AYU-154
MI-AYU-154,MI-AYU-154
MI-AMA-155,MI-AYU-154
MI-ARJ-135,MI-AYU-246
MI-ROH-317,MI-AYU-252
MI-SEH-104,MI-AYU-252
MI-MOH-203,MI-AYU-252
MI-YA-101,MI-AYU-252
MI-HAR-400,MI-AYU-252
MI-NIK-153,MI-AYU-252
MI-ISH-211,MI-AYU-252
MI-KAR-158,MI-BHA-218
MI-UDB-101,MI-BHA-218
MI-BHA-218,MI-BHA-218
MI-ALA-102,MI-BHA-218
MI-WAN-102,MI-BHA-218
MI-MOH-121,MI-BHA-218
MI-ADI-421,MI-BHA-218
MI-YUV-102,MI-BHA-218
MI-DEE-150,MI-BHA-218
MI-ROT-102,MI-BHA-218
MI-AIS-132,MI-BHA-218
MI-RAD-111,MI-BHA-218
MI-HRI-127,MI-BHA-218
MI-RIT-165,MI-BHA-218
MI-PRA-465,MI-BHA-218
MI-SHA-242,MI-BHA-218
MI-KES-110,MI-BHA-218
MI-SAH-112,MI-BHA-218
MI-SAT-127,MI-BHA-218
MI-SAN-357,MI-BHU-108
MI-VAI-282,MI-CHA-107
MI-MOH-242,MI-CHA-107
MI-PRA-852,MI-CHA-107
MI-CHA-107,MI-CHA-107
MI-JAS-141,MI-CHA-107
MI-AMI-170,MI-CHA-107
MI-PRA-882,MI-CHA-107
MI-NEE-158,MI-CHA-107
MI-CHE-103,MI-CHA-107
MI-RAH-267,MI-CHA-107
MI-ADI-412,MI-CHA-107
MI-VIS-230,MI-CHA-107
MI-SHA-390,MI-CHA-107
MI-DIG-113,MI-CHA-107
MI-ACH-107,MI-CHA-107
MI-ANK-273,MI-CHA-107
MI-VIR-127,MI-CHA-107
MI-AKA-197,MI-CHA-183
MI-PRA-705,MI-CHA-183
MI-CHA-183,MI-CHA-183
MI-CHA-189,MI-CHA-189
MI-NAM-154,MI-CHA-189
MI-SAU-201,MI-CHA-189
MI-PAW-114,MI-CHI-103
MI-SUM-132,MI-CHI-103
MI-SHU-261,MI-CHI-103
MI-AKA-155,MI-CHI-103
MI-ASH-110,MI-CHI-103
MI-CHI-103,MI-CHI-103
MI-GD-101,MI-CHI-103
MI-SAI-107,MI-CHI-103
MI-RIT-129,MI-CHI-103
MI-CHI-103,MI-CHI-103
MI-KAU-134,MI-DAK-113
MI-ABH-673,MI-DAK-113
MI-CHE-165,MI-DAK-113
MI-SUD-159,MI-DAK-113
MI-KRI-242,MI-DAK-113
MI-DAK-113,MI-DAK-113
MI-DEE-137,MI-DEE-137
MI-PRA-591,MI-DEE-137
MI-AMA-255,MI-DEE-137
MI-ATI-113,MI-DEE-137
MI-PRA-893,MI-DEV-165
MI-PRI-361,MI-DEV-165
MI-ADI-420,MI-DEV-165
MI-NID-147,MI-DEV-165
MI-PRI-360,MI-DEV-165
MI-AKA-273,MI-DEV-165
MI-RIT-205,MI-DEV-165
MI-AMI-191,MI-DEV-165
MI-KUM-129,MI-DEV-165
MI-RAH-260,MI-DEV-165
MI-PRA-894,MI-DEV-165
MI-MAY-234,MI-DEV-165
MI-ABH-498,MI-DEV-165
MI-SAM-293,MI-DEV-165
MI-PRA-897,MI-DEV-165
MI-SAT-158,MI-DEV-165
MI-DEV-210,MI-DEV-165
MI-SHI-539,MI-DEV-165
MI-SRI-145,MI-DEV-165
MI-DUR-115,MI-DEV-165
MI-ROH-250,MI-DEV-165
MI-SAN-361,MI-DEV-165
MI-JAT-135,MI-DEV-165
MI-TEJ-143,MI-DEV-165
MI-DEV-165,MI-DEV-165
MI-ABH-564,MI-DEV-184
MI-MOH-268,MI-DEV-184
MI-AYU-197,MI-DEV-184
MI-SUR-133,MI-DEV-184
MI-PIY-126,MI-DEV-184
MI-ANU-240,MI-DEV-184
MI-SUR-135,MI-DEV-184
MI-KRI-164,MI-DEV-184
MI-SOU-192,MI-DEV-184
MI-KES-123,MI-DEV-184
MI-AAK-129,MI-DEV-184
MI-ADI-275,MI-DEV-184
MI-HEL-102,MI-DEV-184
MI-SHO-119,MI-DEV-184
MI-SUM-137,MI-DEV-184
MI-HAR-308,MI-DEV-184
MI-HIM-159,MI-DEV-184
MI-ARP-137,MI-DEV-184
MI-ABH-292,MI-DEV-184
MI-DEV-185,MI-DEV-184
MI-MOH-159,MI-DEV-184
MI-GOP-104,MI-DEV-184
MI-JAI-130,MI-DEV-184
MI-DEV-184,MI-DEV-184
MI-DEV-278,MI-DEV-198
MI-DEV-215,MI-DEV-198
MI-DEV-198,MI-DEV-198
MI-ABH-521,MI-DEV-198
MI-AAY-184,MI-DEV-198
MI-RAH-298,MI-DEV-198
MI-SAM-295,MI-DEV-198
MI-UTK-101,MI-DEV-198
MI-UJJ-107,MI-DEV-205
MI-DIP-123,MI-DEV-205
MI-AKS-252,MI-DEV-205
MI-JOE-102,MI-DEV-205
MI-ASH-201,MI-DEV-205
MI-AKA-194,MI-DEV-205
MI-ISH-186,MI-DEV-205
MI-KAR-177,MI-DEV-205
MI-YAT-105,MI-DEV-205
MI-NAV-134,MI-DEV-205
MI-SHI-630,MI-DEV-205
MI-NIS-184,MI-DEV-205
MI-DEV-205,MI-DEV-205
MI-PRA-376,MI-DEV-205
MI-SHI-256,MI-DEV-205
MI-ASH-196,MI-DEV-205
MI-BHU-129,MI-DEV-205
MI-KAR-179,MI-DEV-205
MI-DIG-104,MI-DEV-205
MI-SHU-202,MI-DEV-205
MI-DIV-103,MI-DEV-205
MI-SEH-103,MI-DEV-205
MI-SAN-277,MI-DEV-205
MI-SAK-214,MI-DEV-205
MI-SAR-167,MI-DEV-205
MI-VIK-127,MI-DEV-205
MI-MOH-185,MI-DEV-205
MI-MAD-132,MI-DEV-205
MI-ADI-324,MI-DEV-205
MI-PAW-111,MI-DEV-205
MI-GAU-201,MI-DEV-205
MI-YAS-195,MI-DEV-205
MI-PAN-113,MI-DEV-205
MI-ASH-409,MI-DHA-108
MI-NIS-186,MI-DHA-108
MI-DHA-108,MI-DHA-108
MI-DHA-136,MI-DHA-136
MI-SAU-105,MI-DHI-101
MI-ASH-109,MI-DHI-101
MI-DHI-101,MI-DHI-101
MI-DHR-104,MI-DHI-101
MI-KAR-211,MI-DHR-144
MI-CHI-192,MI-DHR-144
MI-KAR-236,MI-DHR-144
MI-VIN-167,MI-DHR-144
MI-BHA-254,MI-DHR-144
MI-ASH-356,MI-DHR-144
MI-AKA-250,MI-DHR-144
MI-GOP-109,MI-DHR-144
MI-DHR-144,MI-DHR-144
MI-JAI-143,MI-DHR-164
MI-AAY-105,MI-DHR-164
MI-KAU-136,MI-DHR-164
MI-PIY-167,MI-DHR-164
MI-ABD-116,MI-DHR-164
MI-TAN-332,MI-DHR-164
MI-DHR-164,MI-DHR-164
MI-ABH-484,MI-DHR-164
MI-PRA-876,MI-DHR-164
MI-KAU-126,MI-DIS-122
MI-KRU-117,MI-DIS-122
MI-KAU-126,MI-DIS-122
MI-ESH-115,MI-ESH-115
MI-FAR-102,MI-FAR-102
MI-BHA-116,MI-FAR-102
MI-ARY-108,MI-FAR-102
MI-CHA-116,MI-FAR-102
MI-DEE-124,MI-FAR-102
MI-ANI-183,MI-GAU-174
MI-HEM-120,MI-GAU-174
MI-RIS-201,MI-GAU-174
MI-HAR-316,MI-GAU-174
MI-KUS-115,MI-GAU-174
MI-RAJ-178,MI-GAU-174
MI-SAM-187,MI-GAU-174
MI-RIT-188,MI-GAU-174
MI-SAU-180,MI-GAU-174
MI-ANU-308,MI-GAU-226
MI-GAN-119,MI-GAU-226
MI-YAS-339,MI-GAU-226
MI-RAD-131,MI-GAU-226
MI-SAN-354,MI-GAU-226
MI-GAU-226,MI-GAU-226
MI-NAR-121,MI-GAU-226
MI-HIT-132,MI-GAU-226
MI-KSH-143,MI-GAU-275
MI-AYU-370,MI-GAU-275
MI-SAH-194,MI-GAU-275
MI-KSH-143,MI-GAU-275
MI-SUR-233,MI-GAU-275
MI-SUR-234,MI-GAU-275
MI-UTK-176,MI-GAU-275
MI-DUV-101,MI-GAU-275
MI-RAN-120,MI-GAU-275
MI-PRA-1077,MI-GAU-275
MI-VIK-171,MI-GAU-275
MI-DAA-102,MI-GAU-275
MI-VIN-206,MI-GAU-275
MI-ROH-309,MI-GAU-275
MI-VED-172,MI-GAU-275
MI-SAM-329,MI-GAU-275
MI-KAR-279,MI-GAU-275
MI-RAN-121,MI-GAU-275
MI-SID-302,MI-GAU-275
MI-JEE-126,MI-GAU-275
MI-NIT-195,MI-GOP-106
MI-AMA-244,MI-GOP-106
MI-SAC-133,MI-GOP-106
MI-HAR-459,MI-GOP-106
MI-SAN-368,MI-GOP-106
MI-PRA-569,MI-GOP-106
MI-GOP-106,MI-GOP-106
MI-VIS-211,MI-GOP-106
MI-MOH-227,MI-GOP-106
MI-RIT-257,MI-GUG-101
MI-KRI-232,MI-GUG-101
MI-PRA-819,MI-GUG-101
MI-DIV-266,MI-GUG-101
MI-ALI-125,MI-GUG-101
MI-KAI-106,MI-GUG-101
MI-UTK-169,MI-GUG-101
MI-NAV-149,MI-GUG-101
MI-ASH-261,MI-GUG-101
MI-PIY-160,MI-GUG-101
MI-TUS-159,MI-GUG-101
MI-PUL-120,MI-GUG-101
MI-PUS-129,MI-GUG-101
MI-GUG-101,MI-GUG-101
MI-VIP-140,MI-GUG-101
MI-CHE-121,MI-GUG-101
MI-RON-118,MI-GUG-101
MI-ANK-308,MI-GUG-101
MI-VED-140,MI-GUG-101
MI-PUS-116,MI-GUG-101
MI-SAN-299,MI-GUG-101
MI-VED-134,MI-GUG-101
MI-ARN-110,MI-GUG-101
MI-ANK-210,MI-GUG-101
MI-SAM-237,MI-GUG-101
MI-SWA-201,MI-GUG-101
MI-PAW-123,MI-GUG-101
MI-AAS-198,MI-GUG-101
MI-VED-163,MI-GUG-101
MI-KUN-139,MI-GUG-101
MI-SHU-340,MI-GUG-101
MI-KUL-113,MI-GUG-101
MI-KSH-117,MI-GUG-101
MI-ASH-287,MI-GUG-101
MI-ABH-404,MI-GUG-101
MI-LAV-115,MI-GUG-101
MI-DEE-247,MI-GUG-101
MI-ABH-356,MI-GUR-118
MI-SHA-313,MI-GUR-118
MI-ANS-167,MI-GUR-118
MI-ARY-132,MI-GUR-118
MI-GUR-118,MI-GUR-118
MI-ERI-102,MI-GUR-118
MI-RAC-119,MI-GUR-118
MI-DIV-201,MI-GUR-118
MI-ARJ-104,MI-GUR-118
MI-SAT-181,MI-GUR-118
MI-ROH-251,MI-HAR-115
MI-AMA-247,MI-HAR-115
MI-ATH-101,MI-HAR-115
MI-HRI-115,MI-HAR-115
MI-KSH-124,MI-HAR-115
MI-ANU-392,MI-HAR-115
MI-ABH-421,MI-HAR-115
MI-SUD-106,MI-HAR-115
MI-VIR-112,MI-HAR-115
MI-ISH-236,MI-HAR-115
MI-SHI-115,MI-HAR-115
MI-SUM-115,MI-HAR-115
MI-TUS-101,MI-HAR-115
MI-SUJ-102,MI-HAR-115
MI-SHU-399,MI-HAR-115
MI-AMO-112,MI-HAR-115
MI-SHR-106,MI-HAR-115
MI-MAY-113,MI-HAR-135
MI-RIS-121,MI-HAR-135
MI-V.S-101,MI-HAR-135
MI-SHI-156,MI-HAR-135
MI-HAR-136,MI-HAR-135
MI-TEJ-106,MI-HAR-135
MI-MEH-105,MI-HAR-135
MI-HAR-135,MI-HAR-135
MI-HAR-314,MI-HAR-314
MI-HAR-358,MI-HAR-358
MI-RAV-130,MI-HAR-358
MI-ASH-263,MI-HAR-358
MI-HAR-390,MI-HAR-390
MI-CHR-108,MI-HAR-390
MI-JOS-108,MI-HAR-390
MI-NAY-116,MI-HAR-390
MI-SOH-122,MI-HAR-390
MI-KUN-113,MI-HEM-104
MI-HIM-133,MI-HEM-104
MI-AVI-112,MI-HEM-104
MI-KAU-109,MI-HEM-104
MI-HEM-104,MI-HEM-104
MI-SUD-138,MI-HIM-174
MI-SHR-458,MI-HIM-174
MI-SHI-502,MI-HIM-174
MI-SHU-412,MI-HIM-174
MI-VIS-270,MI-HIM-213
MI-JAS-146,MI-ISH-154
MI-ADI-465,MI-ISH-154
MI-DHA-158,MI-ISH-154
MI-KUN-154,MI-ISH-154
MI-KRA-116,MI-ISH-154
MI-JAT-126,MI-ISH-154
MI-ISH-154,MI-ISH-154
MI-ABH-573,MI-ISH-154
MI-MRI-125,MI-JAG-103
MI-SHI-493,MI-JAG-103
MI-LAU-101,MI-JAG-103
MI-SAM-349,MI-JAG-103
MI-AYU-281,MI-JAG-103
MI-RAG-146,MI-JAG-103
MI-ABH-472,MI-JAG-103
MI-SHU-428,MI-JAG-103
MI-RAH-246,MI-JAG-103
MI-LAK-148,MI-JAG-103
MI-ARP-159,MI-JAG-103
MI-RUD-104,MI-JAG-103
MI-SUR-101,MI-JAG-103
MI-ARP-165,MI-JAG-103
MI-VIS-194,MI-JAG-103
MI-VIS-214,MI-JAG-103
MI-SUR-194,MI-JAG-103
MI-JAG-103,MI-JAG-103
MI-RAS-105,MI-JAG-103
MI-DHI-110,MI-JAS-129
MI-RUT-127,MI-JAS-129
MI-CHO-102,MI-JAS-129
MI-GAU-138,MI-JAS-129
MI-PAR-178,MI-JAS-129
MI-POO-139,MI-JAS-129
MI-AAR-124,MI-JAS-129
MI-JAS-129,MI-JAS-129
MI-ABH-384,MI-JIT-101
MI-VIK-143,MI-JIT-101
MI-SHR-393,MI-JIT-101
MI-UJJ-114,MI-JIT-101
MI-RAG-142,MI-JIT-101
MI-DEB-118,MI-JIT-101
MI-CHE-131,MI-JIT-101
MI-ANS-181,MI-JIT-101
MI-DIV-238,MI-JIT-101
MI-JAY-202,MI-JIT-101
MI-VIK-146,MI-JIT-101
MI-SAU-119,MI-JIT-101
MI-MIH-115,MI-JIT-101
MI-JAT-131,MI-JIT-101
MI-ARP-102,MI-JIT-101
MI-JIT-101,MI-JIT-101
MI-TAN-266,MI-JIT-101
MI-KAV-101,MI-JIT-101
MI-YAS-351,MI-JIT-101
MI-RAH-221,MI-JIT-101
MI-HK-101,MI-JIT-101
MI-NIT-176,MI-JYE-101
MI-PIY-118,MI-JYE-101
MI-DHA-185,MI-JYE-101
MI-SHI-105,MI-JYE-101
MI-MAN-105,MI-JYE-101
MI-ABH-106,MI-JYE-101
MI-KUN-104,MI-JYE-101
MI-AMA-107,MI-JYE-101
MI-ANA-104,MI-JYE-101
MI-HAR-462,MI-JYE-101
MI-MAY-105,MI-JYE-101
MI-KAI-107,MI-KAI-107
MI-KAN-156,MI-KAN-156
MI-KUS-120,MI-KAP-118
MI-NIK-207,MI-KAP-118
MI-MUK-105,MI-KAP-118
MI-KAR-145,MI-KAP-118
MI-MOH-145,MI-KAP-118
MI-MUZ-102,MI-KAP-118
MI-SUT-104,MI-KAP-118
MI-CHI-149,MI-KAP-118
MI-RIS-217,MI-KAP-118
MI-DHA-126,MI-KAP-118
MI-ARY-144,MI-KAP-118
MI-SUB-111,MI-KAP-118
MI-AKS-164,MI-KAP-118
MI-RAJ-154,MI-KAP-118
MI-MUK-111,MI-KAP-118
MI-RAM-122,MI-KAP-118
MI-CHA-162,MI-KAP-118
MI-KES-107,MI-KAP-118
MI-SHO-122,MI-KAP-118
MI-ABH-512,MI-KAP-118
MI-MOH-149,MI-KAP-118
MI-ATI-109,MI-KAP-118
MI-HAR-266,MI-KAP-118
MI-SAM-165,MI-KAP-118
MI-VAN-190,MI-KAP-118
MI-KAP-118,MI-KAP-118
MI-KAR-274,MI-KAR-274
MI-KES-103,MI-KES-103
MI-VIH-103,MI-KIR-102
MI-PAT-112,MI-KIR-102
MI-AJI-129,MI-KIR-102
MI-JIM-101,MI-KIR-102
MI-DIV-306,MI-KIR-102
MI-RAV-148,MI-KIR-102
MI-DIS-138,MI-KIR-102
MI-JAY-107,MI-KIR-102
MI-KIR-102,MI-KIR-102
MI-YUV-119,MI-KOM-125
MI-SHA-304,MI-KOM-125
MI-ANI-219,MI-KOM-125
MI-ROH-269,MI-KRI-120
MI-NIT-173,MI-KRI-120
MI-ADI-105,MI-KRI-120
MI-UME-101,MI-KSH-101
MI-VIS-115,MI-KSH-101
MI-AMA-123,MI-KSH-101
MI-ISH-114,MI-KSH-101
MI-YAS-134,MI-KSH-101
MI-AAR-102,MI-KSH-101
MI-ARP-138,MI-KSH-101
MI-AMA-128,MI-KSH-101
MI-SAR-105,MI-KSH-101
MI-MUK-102,MI-KSH-101
MI-SUN-104,MI-KSH-101
MI-SHI-142,MI-KSH-101
MI-DEE-120,MI-KSH-101
MI-ARJ-103,MI-KSH-101
MI-SPA-103,MI-KSH-101
MI-KSH-101,MI-KSH-101
MI-ABH-173,MI-KSH-101
MI-KUL-103,MI-KUL-103
MI-SUR-222,MI-KUL-103
MI-SHA-318,MI-KUN-136
MI-KUN-136,MI-KUN-136
MI-POO-157,MI-KUN-136
MI-LAK-166,MI-KUN-136
MI-PRA-743,MI-LAK-144
MI-LAK-144,MI-LAK-144
MI-SAR-183,MI-LAK-144
MI-KUL-115,MI-LAK-144
MI-ABH-382,MI-LAK-144
MI-SRI-143,MI-LAK-144
MI-SAU-207,MI-LAK-144
MI-AKS-229,MI-LAK-144
MI-SAR-182,MI-LAK-144
MI-NAU-101,MI-LAK-144
MI-RAG-138,MI-LAK-144
MI-PRA-586,MI-LOK-102
MI-NAV-138,MI-LOK-102
MI-LOK-102,MI-LOK-102
MI-MAH-163,MI-MAH-163
MI-SAH-147,MI-MAH-163
MI-MAN-235,MI-MAH-163
MI-MAD-163,MI-MAH-203
MI-AVI-135,MI-MAN-137
MI-MAN-137,MI-MAN-137
MI-VIP-137,MI-MAN-137
MI-ARU-111,MI-MAN-137
MI-MEE-132,MI-MEE-132
MI-MOH-183,MI-MOH-183
MI-RAV-132,MI-MOH-183
MI-SWA-184,MI-MOH-183
MI-ISH-242,MI-MOH-228
MI-SAI-133,MI-MOH-228
MI-MOH-228,MI-MOH-228
MI-GAU-269,MI-MOH-239
MI-HAI-103,MI-MOH-239
MI-DEV-268,MI-MOH-239
MI-AYU-352,MI-MOH-239
MI-DIV-285,MI-MOH-239
MI-KAR-250,MI-MOH-239
MI-NIK-273,MI-MOH-239
MI-KUL-119,MI-MOH-239
MI-AMB-125,MI-MOH-239
MI-NAM-201,MI-MOH-239
MI-SHI-610,MI-MOH-239
MI-MOH-239,MI-MOH-239
MI-HAR-311,MI-MOH-278
MI-VAI-333,MI-MUB-101
MI-SHA-476,MI-MUB-101
MI-AYU-366,MI-MUB-101
MI-YAS-443,MI-MUB-101
MI-SHA-477,MI-MUB-101
MI-DEB-127,MI-MUB-101
MI-NAD-103,MI-NAD-103
MI-PAR-250,MI-NAI-107
MI-PAR-168,MI-NAI-107
MI-AVI-125,MI-NAI-107
MI-HAR-500,MI-NAI-107
MI-NAI-107,MI-NAI-107
MI-RUC-120,MI-NAI-107
MI-NIL-107,MI-NAI-107
MI-HEN-102,MI-NAI-107
MI-NIK-218,MI-NIK-218
MI-NIR-104,MI-NIR-104
MI-MIL-118,MI-NIR-104
MI-REV-111,MI-NIS-120
MI-JAN-127,MI-NIS-120
MI-DHR-182,MI-NIS-120
MI-JES-102,MI-NIS-150
MI-NAM-142,MI-NIS-150
MI-PAR-139,MI-NIS-150
MI-VIN-126,MI-NIS-150
MI-ARH-101,MI-NIS-150
MI-SAJ-104,MI-NIS-150
MI-SUM-119,MI-NIS-150
MI-DHA-119,MI-NIS-150
MI-YAT-107,MI-NIS-150
MI-JAY-142,MI-NIS-150
MI-AKA-147,MI-NIS-150
MI-PRA-336,MI-NIS-150
MI-ADI-257,MI-NIS-150
MI-SAK-132,MI-NIS-150
MI-MOH-161,MI-NIS-150
MI-AYU-164,MI-NIS-150
MI-ARH-102,MI-NIS-150
MI-SRA-103,MI-NIS-150
MI-KAS-108,MI-NIS-150
MI-NAM-116,MI-NIS-150
MI-AKA-145,MI-NIS-150
MI-AMI-121,MI-NIS-150
MI-SID-129,MI-NIS-150
MI-AAR-108,MI-NIS-150
MI-JAY-125,MI-NIS-150
MI-SHI-186,MI-NIS-150
MI-DEE-144,MI-NIS-150
MI-ARS-107,MI-NIS-150
MI-ABH-175,MI-NIS-150
MI-SHI-226,MI-NIS-150
MI-TAR-114,MI-NIS-150
MI-GUN-117,MI-NIS-150
MI-NAM-115,MI-NIS-150
MI-RHY-105,MI-NIS-150
MI-ABH-174,MI-NIS-150
MI-BHA-137,MI-NIS-150
MI-AWD-101,MI-NIS-150
MI-SHW-109,MI-NIS-150
MI-MAH-137,MI-NIS-150
MI-SUM-119,MI-NIS-150
MI-DHR-128,MI-NIS-150
MI-JAT-110,MI-NIY-106
MI-KAR-153,MI-NIY-106
MI-MAY-152,MI-NIY-106
MI-JAT-108,MI-NIY-106
MI-NAM-139,MI-NIY-106
MI-PRA-440,MI-NIY-106
MI-SAK-138,MI-NIY-106
MI-ISH-168,MI-NIY-106
MI-MAN-247,MI-NIY-106
MI-ABH-285,MI-OMK-101
MI-SAM-102,MI-OMK-101
MI-OMK-101,MI-OMK-101
MI-SUR-167,MI-OMK-102
MI-SAI-125,MI-OMK-102
MI-SAL-115,MI-OMK-102
MI-PAV-118,MI-OMK-102
MI-HRU-107,MI-OMK-102
MI-NIS-163,MI-OMK-102
MI-SOU-113,MI-OMK-102
MI-OMK-102,MI-OMK-102
MI-AMA-124,MI-OMK-102
MI-PAH-102,MI-PAH-102
MI-JAP-105,MI-PAH-102
MI-KAN-182,MI-PAH-102
MI-MUK-118,MI-PAN-122
MI-SHU-253,MI-PAN-122
MI-JAY-153,MI-PAN-122
MI-VAT-105,MI-PAN-122
MI-RAJ-175,MI-PAN-122
MI-AMA-171,MI-PAN-122
MI-AVI-128,MI-PAN-122
MI-DAY-103,MI-PAN-122
MI-NEE-127,MI-PAN-122
MI-KAS-121,MI-PAN-122
MI-CHI-136,MI-PAN-122
MI-SAP-106,MI-PAN-122
MI-VIB-114,MI-PAN-122
MI-RAH-167,MI-PAN-122
MI-RON-113,MI-PAN-122
MI-ASH-241,MI-POO-132
MI-NEE-132,MI-POO-132
MI-SHU-236,MI-PRA-129
MI-ABH-150,MI-PRA-129
MI-VIR-109,MI-PRA-129
MI-KAU-127,MI-PRA-129
MI-VIN-103,MI-PRA-129
MI-ABH-406,MI-PRA-129
MI-YAS-337,MI-PRA-129
MI-KUN-153,MI-PRA-129
MI-GAU-147,MI-PRA-129
MI-AJA-124,MI-PRA-129
MI-RUS-123,MI-PRA-129
MI-SAN-261,MI-PRA-129
MI-PRA-774,MI-PRA-129
MI-RAJ-176,MI-PRA-129
MI-SID-226,MI-PRA-129
MI-SHU-354,MI-PRA-129
MI-ROH-112,MI-PRA-141
MI-ATU-104,MI-PRA-141
MI-NAR-102,MI-PRA-141
MI-NIG-101,MI-PRA-141
MI-SOU-111,MI-PRA-141
MI-SAN-114,MI-PRA-141
MI-AMI-107,MI-PRA-141
MI-SUR-107,MI-PRA-141
MI-SAS-103,MI-PRA-141
MI-ANS-110,MI-PRA-141
MI-SHR-120,MI-PRA-141
MI-PIN-101,MI-PRA-141
MI-ABH-115,MI-PRA-141
MI-ACH-101,MI-PRA-141
MI-MUS-221,MI-PRA-141
MI-PRA-141,MI-PRA-141
MI-AYA-102,MI-PRA-152
MI-RAH-115,MI-PRA-152
MI-AKA-122,MI-PRA-152
MI-RIS-126,MI-PRA-152
MI-GAR-108,MI-PRA-152
MI-AKA-113,MI-PRA-152
MI-KUS-105,MI-PRA-152
MI-VEN-103,MI-PRA-152
MI-YAS-144,MI-PRA-152
MI-PRA-152,MI-PRA-152
MI-NAT-108,MI-PRA-392
MI-SID-262,MI-PRA-392
MI-SHO-106,MI-PRA-392
MI-LAY-101,MI-PRA-392
MI-ROH-157,MI-PRA-392
MI-SHU-110,MI-PRA-392
MI-NAM-143,MI-PRA-392
MI-PRA-392,MI-PRA-392
MI-SOU-145,MI-PRA-392
MI-HIM-113,MI-PRA-392
MI-MAN-368,MI-PRA-631
MI-SAU-203,MI-PRA-631
MI-MOH-140,MI-PRI-140
MI-IQB-101,MI-PRI-140
MI-ABD-106,MI-PRI-140
MI-SHA-199,MI-PRI-140
MI-PRI-140,MI-PRI-140
MI-SWY-101,MI-PRI-140
MI-KAM-109,MI-PRI-140
MI-SIR-103,MI-PRI-140
MI-PAW-107,MI-PRI-140
MI-SUS-143,MI-PRI-389
MI-AAS-179,MI-PRI-389
MI-PRI-389,MI-PRI-389
MI-SAK-149,MI-RAH-153
MI-PRI-188,MI-RAH-153
MI-SAR-131,MI-RAH-153
MI-VAI-159,MI-RAH-153
MI-RAH-153,MI-RAH-153
MI-SHU-185,MI-RAH-153
MI-MAN-198,MI-RAH-153
MI-MAR-119,MI-RAH-153
MI-SAH-132,MI-RAH-168
MI-RAH-168,MI-RAH-168
MI-SAM-313,MI-RAH-281
MI-OJA-107,MI-RAH-281
MI-LOV-107,MI-RAJ-237
MI-NIK-313,MI-RAJ-237
MI-RAJ-237,MI-RAJ-237
MI-KUM-133,MI-RAV-133
MI-PRA-512,MI-RAV-133
MI-SHA-343,MI-RAV-133
MI-ANK-194,MI-RAV-133
MI-PRA-399,MI-RAV-133
MI-ASH-234,MI-RAV-133
MI-MAY-168,MI-RAV-133
MI-HAR-300,MI-RAV-133
MI-GAU-215,MI-RAV-133
MI-NIK-188,MI-RAV-133
MI-RAV-133,MI-RAV-133
MI-SHU-268,MI-RAV-133
MI-SHU-266,MI-RAV-133
MI-FAR-111,MI-RAV-133
MI-SHY-107,MI-RAV-133
MI-SUM-135,MI-RAV-133
MI-KRI-159,MI-RAV-133
MI-AMA-201,MI-RIS-107
MI-AAY-103,MI-RIS-107
MI-ROH-116,MI-RIS-107
MI-MAN-125,MI-RIS-107
MI-RIS-107,MI-RIS-107
MI-DIV-144,MI-RIS-107
MI-AMA-119,MI-RIS-107
MI-MIH-103,MI-RIS-107
MI-YAS-280,MI-RIS-215
MI-ABH-339,MI-RIS-215
MI-HAR-361,MI-RIS-215
MI-TAN-236,MI-RIS-215
MI-ADR-104,MI-RIS-215
MI-MUK-120,MI-RIS-215
MI-DEV-281,MI-RIS-215
MI-SUR-160,MI-RIS-215
MI-RIS-215,MI-RIS-215
MI-ROH-207,MI-RIS-215
MI-RIS-221,MI-RIS-215
MI-SRE-110,MI-RIS-215
MI-AAK-136,MI-RIS-215
MI-JIT-116,MI-RIS-215
MI-MAN-315,MI-RIS-215
MI-YAS-458,MI-RIS-215
MI-MAN-322,MI-RIS-215
MI-ROC-103,MI-RIT-111
MI-TEJ-118,MI-RIT-111
MI-DHI-103,MI-RIT-111
MI-BAL-109,MI-RIT-111
MI-PAR-151,MI-RIT-111
MI-MEE-120,MI-RIT-111
MI-SUM-151,MI-RIT-111
MI-SHU-248,MI-RIT-111
MI-OMK-118,MI-RIT-111
MI-AKA-176,MI-RIT-111
MI-KAR-157,MI-RIT-123
MI-KSH-105,MI-RIT-123
MI-HIM-128,MI-RIT-123
MI-DHE-103,MI-RIT-123
MI-VIS-204,MI-RIT-123
MI-SUS-102,MI-RIT-123
MI-SID-122,MI-RIT-123
MI-ADW-101,MI-RIT-123
MI-KAR-229,MI-RIT-123
MI-ANI-132,MI-RIT-123
MI-JIT-129,MI-RIT-231
MI-VIG-103,MI-ROM-111
MI-JAY-212,MI-ROM-111
MI-DAS-101,MI-ROM-111
MI-MAN-458,MI-ROM-111
MI-NAG-108,MI-ROM-111
MI-DAR-118,MI-ROM-111
MI-MIH-112,MI-ROM-111
MI-HEM-135,MI-ROM-111
MI-MOH-235,MI-ROM-111
MI-SID-245,MI-ROM-111
MI-APO-140,MI-ROM-111
MI-PAR-181,MI-ROM-111
MI-RON-115,MI-ROM-111
MI-BAL-113,MI-ROM-111
MI-KET-121,MI-ROM-111
MI-MAY-117,MI-ROS-104
MI-TAN-343,MI-RUP-113
MI-REN-104,MI-RUT-106
MI-YAS-276,MI-RUT-106
MI-RUT-106,MI-RUT-106
MI-VAR-218,MI-SAK-101
MI-ALB-104,MI-SAK-101
MI-MAT-105,MI-SAK-101
MI-JAY-274,MI-SAK-101
MI-SUR-248,MI-SAK-101
MI-SHA-512,MI-SAK-101
MI-ALE-107,MI-SAK-101
MI-AKS-337,MI-SAK-101
MI-GAU-289,MI-SAK-101
MI-THA-109,MI-SAK-101
MI-SRE-119,MI-SAK-101
MI-ABI-116,MI-SAK-101
MI-TER-102,MI-SAK-101
MI-DAR-151,MI-SAK-101
MI-AME-115,MI-SAK-101
MI-SAJ-116,MI-SAK-227
MI-SAK-289,MI-SAK-227
MI-SAK-227,MI-SAK-227
MI-VIV-136,MI-SAM-110
MI-PUS-132,MI-SAM-110
MI-PRA-1062,MI-SAM-110
MI-HAR-560,MI-SAM-110
MI-HAR-547,MI-SAM-110
MI-PAR-238,MI-SAM-110
MI-HAM-105,MI-SAM-110
MI-SAR-219,MI-SAM-110
MI-JAG-126,MI-SAM-110
MI-DEE-313,MI-SAM-110
MI-JAT-142,MI-SAM-110
MI-AVI-105,MI-SAM-110
MI-SAT-102,MI-SAM-110
MI-SAN-116,MI-SAM-110
MI-KAW-101,MI-SAM-110
MI-JAI-102,MI-SAM-110
MI-JAS-102,MI-SAM-110
MI-JAI-101,MI-SAM-110
MI-DIV-108,MI-SAM-110
MI-DHE-113,MI-SAM-110
MI-GAU-107,MI-SAM-110
MI-GAU-113,MI-SAM-110
MI-RAG-102,MI-SAM-110
MI-RUP-104,MI-SAM-110
MI-PRI-108,MI-SAM-110
MI-MAN-123,MI-SAM-110
MI-NIH-111,MI-SAM-139
MI-HIM-208,MI-SAM-139
MI-SAU-103,MI-SAM-139
MI-PRA-280,MI-SAM-139
MI-SID-163,MI-SAM-139
MI-SAN-225,MI-SAM-139
MI-PRA-429,MI-SAM-139
MI-KUM-122,MI-SAM-139
MI-SAN-161,MI-SAM-139
MI-KAR-224,MI-SAM-139
MI-SAM-188,MI-SAM-188
MI-SAM-188,MI-SAM-188
MI-ARP-162,MI-SAM-239
MI-PUR-128,MI-SAM-239
MI-PRE-158,MI-SAM-239
MI-HAR-465,MI-SAM-239
MI-RAJ-224,MI-SAM-239
MI-ARU-155,MI-SAM-239
MI-SAU-225,MI-SAM-239
MI-HAR-460,MI-SAM-239
MI-SAM-239,MI-SAM-239
MI-NAC-105,MI-SAM-239
MI-SHA-369,MI-SAM-239
MI-PRA-679,MI-SAM-239
MI-DIS-126,MI-SAM-239
MI-YAS-354,MI-SAM-239
MI-AYU-293,MI-SAM-239
MI-VIS-227,MI-SAM-247
MI-SAH-186,MI-SAM-247
MI-SAH-186,MI-SAM-247
MI-ATH-138,MI-SAM-247
MI-ATH-139,MI-SAM-247
MI-PRA-612,MI-SAM-247
MI-SID-289,MI-SAM-247
MI-SID-289,MI-SAM-247
MI-HAR-616,MI-SAM-247
MI-BHU-141,MI-SAM-247
MI-NIK-108,MI-SAM-247
MI-RUP-106,MI-SAM-247
MI-NAM-104,MI-SAM-247
MI-HRI-105,MI-SAM-247
MI-SAI-108,MI-SAM-247
MI-YAS-115,MI-SAM-247
MI-SID-110,MI-SAM-247
MI-YAS-114,MI-SAM-247
MI-NAM-101,MI-SAM-247
MI-UD-101,MI-SAM-247
MI-HRI-105,MI-SAM-247
MI-LAU-102,MI-SAN-157
MI-SAU-145,MI-SAN-157
MI-SAN-157,MI-SAN-157
MI-SAN-275,MI-SAN-275
MI-SAR-171,MI-SAN-298
MI-SAN-317,MI-SAN-298
MI-DHR-142,MI-SAN-298
MI-SHI-402,MI-SAN-298
MI-DIV-305,MI-SAN-298
MI-DHR-157,MI-SAN-298
MI-RAG-134,MI-SAN-298
MI-SAN-298,MI-SAN-298
MI-ABH-587,MI-SAR-150
MI-SHA-469,MI-SAR-150
MI-AYU-367,MI-SAR-150
MI-SAR-150,MI-SAR-150
MI-PUL-122,MI-SAR-150
MI-SID-190,MI-SAR-150
MI-SHU-448,MI-SAU-209
MI-TAN-276,MI-SAU-209
MI-SOU-201,MI-SAU-209
MI-SAR-185,MI-SAU-209
MI-SAU-209,MI-SAU-209
MI-TAR-140,MI-SAU-209
MI-SUN-136,MI-SAU-209
MI-SAM-244,MI-SAU-209
MI-RAJ-153,MI-SHR-114
MI-KIS-106,MI-SHR-114
MI-SHW-138,MI-SHR-114
MI-AAT-103,MI-SHR-114
MI-BHA-173,MI-SHR-114
MI-YOG-124,MI-SHR-114
MI-SUN-117,MI-SHR-114
MI-VAR-105,MI-SHR-114
MI-DEE-106,MI-SHR-114
MI-NIK-107,MI-SHR-114
MI-VAR-107,MI-SHR-114
MI-NIT-107,MI-SHR-114
MI-RIS-116,MI-SHR-114
MI-SHA-115,MI-SHR-114
MI-JAY-106,MI-SHR-114
MI-SHI-120,MI-SHR-114
MI-VAR-108,MI-SHR-114
MI-MOH-104,MI-SHR-114
MI-ANU-109,MI-SHR-114
MI-SHR-114,MI-SHR-114
MI-IND-106,MI-SHR-375
MI-SHR-375,MI-SHR-375
MI-SOU-204,MI-SHR-378
MI-SAR-220,MI-SHR-378
MI-ABH-367,MI-SHR-378
MI-AMB-123,MI-SHR-378
MI-AKA-188,MI-SHR-378
MI-VIV-108,MI-SHR-378
MI-ABH-366,MI-SHR-378
MI-MAN-369,MI-SHR-379
MI-NAV-150,MI-SHR-379
MI-PRI-303,MI-SHR-379
MI-RON-119,MI-SHR-379
MI-ADI-353,MI-SHR-379
MI-SHR-389,MI-SHR-379
MI-PRE-161,MI-SHR-379
MI-SAL-128,MI-SHR-379
MI-SHR-379,MI-SHR-379
MI-VAR-170,MI-SHR-379
MI-GAU-212,MI-SHR-379
MI-SUS-140,MI-SHR-386
MI-MEE-124,MI-SHR-386
MI-VID-122,MI-SHR-386
MI-DAK-109,MI-SHR-386
MI-SAN-233,MI-SHR-386
MI-VAR-140,MI-SHR-386
MI-DHR-173,MI-SHR-386
MI-SHR-276,MI-SHR-386
MI-KAN-141,MI-SHR-386
MI-SUR-134,MI-SHR-386
MI-ANI-168,MI-SHR-386
MI-HAR-485,MI-SHR-386
MI-SWA-148,MI-SHR-386
MI-PRA-506,MI-SHR-386
MI-NIW-101,MI-SHR-400
MI-SHA-287,MI-SHR-400
MI-RAG-141,MI-SHR-400
MI-MUK-126,MI-SHR-400
MI-BIP-102,MI-SHR-400
MI-SUM-121,MI-SHR-400
MI-SAM-241,MI-SHR-413
MI-UTK-147,MI-SHR-413
MI-SHA-344,MI-SHR-413
MI-SHA-344,MI-SHR-413
MI-VIS-155,MI-SHR-413
MI-SNE-167,MI-SHR-413
MI-KSH-135,MI-SHR-413
MI-MAN-510,MI-SHR-413
MI-KHU-141,MI-SHU-122
MI-RAV-105,MI-SHU-122
MI-SHU-122,MI-SHU-122
MI-SHI-578,MI-SHU-122
MI-MAH-192,MI-SHU-122
MI-JAI-138,MI-SHU-122
MI-AVI-113,MI-SHU-122
MI-PIY-158,MI-SHU-122
MI-HAR-524,MI-SHU-313
MI-BAS-103,MI-SHU-313
MI-ABH-240,MI-SHU-313
MI-TAR-124,MI-SHU-313
MI-MAN-252,MI-SHU-313
MI-RAH-161,MI-SHU-313
MI-ADI-314,MI-SHU-313
MI-ADI-383,MI-SHU-313
MI-DAK-110,MI-SHU-313
MI-RIS-207,MI-SHU-313
MI-YOG-135,MI-SHU-313
MI-ADI-243,MI-SHU-313
MI-YAT-115,MI-SHU-313
MI-NIK-210,MI-SHU-313
MI-KUN-141,MI-SHU-313
MI-GAU-199,MI-SHU-313
MI-PRA-124,MI-SHU-313
MI-SAU-161,MI-SHU-313
MI-OPI-101,MI-SHU-313
MI-VIN-109,MI-SHU-313
MI-NIK-176,MI-SHU-313
MI-VIP-114,MI-SHU-313
MI-KAN-160,MI-SHU-313
MI-TAR-130,MI-SHU-313
MI-HAN-104,MI-SHU-313
MI-BHA-124,MI-SHU-313
MI-AAK-130,MI-SHU-313
MI-UTK-137,MI-SHU-313
MI-SAU-138,MI-SHU-313
MI-GUL-104,MI-SHU-313
MI-AKA-146,MI-SHU-313
MI-SAN-186,MI-SHU-313
MI-ANU-254,MI-SHU-313
MI-KAR-190,MI-SHU-313
MI-SHI-300,MI-SHU-313
MI-ABH-444,MI-SHU-313
MI-SHU-313,MI-SHU-313
MI-AKS-204,MI-SHU-313
MI-RAJ-217,MI-SHU-386
MI-ANA-210,MI-SHU-386
MI-VIK-140,MI-SHU-386
MI-SHU-386,MI-SHU-386
MI-HIT-135,MI-SHU-386
MI-ADV-104,MI-SID-200
MI-RIS-233,MI-SID-200
MI-SID-200,MI-SID-200
MI-SIN-102,MI-SIN-102
MI-AJI-111,MI-SIN-102
MI-TAR-131,MI-SIN-102
MI-KAR-183,MI-SOH-109
MI-SOH-109,MI-SOH-109
MI-SHI-674,MI-SOH-109
MI-AYA-104,MI-SOM-109
MI-HAR-208,MI-SOM-109
MI-JAG-104,MI-SOM-109
MI-PRA-277,MI-SOM-109
MI-AYA-105,MI-SOM-109
MI-SHO-112,MI-SOM-109
MI-SAY-112,MI-SOM-109
MI-AMM-101,MI-SOU-152
MI-AKS-284,MI-SOU-152
MI-NAU-104,MI-SOU-152
MI-BHA-207,MI-SOU-176
MI-AJI-125,MI-SOU-176
MI-MAN-152,MI-SOU-176
MI-DIV-232,MI-SOU-176
MI-YAS-393,MI-SOU-176
MI-GAN-121,MI-SOU-176
MI-VAR-192,MI-SOU-176
MI-ANM-136,MI-SOU-176
MI-HRU-105,MI-SOU-176
MI-SHA-361,MI-SOU-176
MI-UDI-130,MI-SOU-176
MI-ARY-145,MI-SOU-176
MI-SAN-451,MI-SOU-176
MI-ADI-482,MI-SOU-176
MI-BUN-103,MI-SOU-176
MI-KET-117,MI-SOU-176
MI-SAH-137,MI-SOU-176
MI-MUJ-101,MI-SOU-176
MI-SOU-176,MI-SOU-176
MI-RAJ-222,MI-SOU-176
MI-YAS-207,MI-SRU-104
MI-YAS-190,MI-SRU-104
MI-AMA-181,MI-SUH-104
MI-SAR-141,MI-SUH-104
MI-PUN-108,MI-SUH-104
MI-LAB-101,MI-SUH-104
MI-SAH-162,MI-SUH-104
MI-RIS-192,MI-SUH-104
MI-NAM-140,MI-SUH-104
MI-AYU-213,MI-SUH-104
MI-HAR-304,MI-SUH-104
MI-SHU-180,MI-SUH-104
MI-VIN-132,MI-SUH-104
MI-DHR-130,MI-SUH-104
MI-AMB-105,MI-SUH-104
MI-RIT-176,MI-SUH-104
MI-RAG-119,MI-SUH-104
MI-SHI-495,MI-SUH-104
MI-SHI-219,MI-SUH-104
MI-ANU-201,MI-SUH-104
MI-ARP-146,MI-SUH-104
MI-YAS-233,MI-SUH-104
MI-APU-115,MI-SUN-106
MI-UDI-117,MI-SUN-106
MI-SRI-141,MI-SUN-106
MI-SOU-184,MI-SUN-106
MI-SUD-139,MI-SUN-106
MI-PAR-194,MI-SUN-106
MI-SAU-188,MI-SUN-106
MI-AJI-101,MI-SUN-106
MI-VID-109,MI-SUN-106
MI-ABH-128,MI-SUN-106
MI-CHH-101,MI-SUN-106
MI-BAJ-101,MI-SUP-101
MI-SUP-101,MI-SUP-101
MI-VIS-127,MI-SUP-101
MI-SHA-123,MI-SUP-101
MI-VIS-110,MI-SUP-101
MI-SUB-103,MI-SUP-101
MI-VIK-102,MI-SUP-101
MI-KAR-201,MI-SUP-101
MI-SAY-107,MI-SUP-103
MI-SOU-122,MI-SUP-103
MI-SUP-103,MI-SUP-103
MI-PRA-564,MI-SWA-143
MI-SHU-210,MI-SWA-143
MI-SUM-184,MI-TAN-101
MI-MAY-169,MI-TAN-101
MI-AKS-133,MI-TAN-101
MI-RIS-120,MI-TAN-101
MI-ANI-113,MI-TAN-101
MI-SUR-108,MI-TAN-101
MI-NEH-104,MI-TAN-101
MI-YUG-101,MI-TAN-101
MI-AKS-111,MI-TAN-101
MI-SID-114,MI-TAN-101
MI-REE-113,MI-TAN-101
MI-ANA-166,MI-TAN-101
MI-ARV-110,MI-TAN-101
MI-PRI-270,MI-TAN-101
MI-PRI-270,MI-TAN-101
MI-ABH-352,MI-TAN-101
MI-ANA-102,MI-TAN-101
MI-ARO-101,MI-TAN-101
MI-RAG-101,MI-TAN-101
MI-PAR-102,MI-TAN-101
MI-HAR-106,MI-TAN-101
MI-HAR-105,MI-TAN-101
MI-RIS-102,MI-TAN-101
MI-AAD-101,MI-TAN-101
MI-PAA-101,MI-TAN-101
MI-ARN-101,MI-TAN-101
MI-PAL-101,MI-TAN-101
MI-PRE-102,MI-TAN-101
MI-DHA-101,MI-TAN-101
MI-ABD-101,MI-TAN-101
MI-ABH-269,MI-TAN-191
MI-TAN-191,MI-TAN-191
MI-UTK-103,MI-UTK-103
MI-VYA-101,MI-UTK-103
MI-SHA-233,MI-UTK-103
MI-RAJ-243,MI-UTK-103
MI-SHI-359,MI-UTK-103
MI-YOG-151,MI-UTK-103
MI-SAN-409,MI-UTK-103
MI-UTK-103,MI-UTK-103
MI-DHR-117,MI-VAI-112
MI-PRA-144,MI-VAI-112
MI-VAI-112,MI-VAI-112
MI-DEE-273,MI-VAI-112
MI-SAU-199,MI-VAI-217
MI-RUT-138,MI-VAI-217
MI-SAN-398,MI-VAI-217
MI-VAI-217,MI-VAI-217
MI-ANI-207,MI-VAI-217
MI-ROH-307,MI-VAI-253
MI-ASH-398,MI-VAI-253
MI-KAP-113,MI-VAI-253
MI-VAI-253,MI-VAI-253
MI-NIS-179,MI-VAI-253
MI-RAH-166,MI-VAI-253
MI-VRA-102,MI-VAR-122
MI-VAR-122,MI-VAR-122
MI-VIK-172,MI-VAR-122
MI-PRA-291,MI-VAR-122
MI-RIS-157,MI-VAR-122
MI-AVI-171,MI-VAR-122
MI-OMK-136,MI-VIR-124
MI-JAT-145,MI-VIR-124
MI-ANI-244,MI-VIR-124
MI-ASH-325,MI-VIR-124
MI-VIR-124,MI-VIR-124
MI-VIV-110,MI-VIV-110
MI-NAM-214,MI-VIV-168
MI-BHA-286,MI-VIV-168
MI-HAR-190,MI-VRI-101
MI-GAU-144,MI-VRI-101
MI-NAJ-103,MI-VRI-101
MI-DEE-148,MI-VRI-101
MI-YAS-204,MI-YAS-204
MI-YAS-383,MI-YAS-383
MI-YAS-384,MI-YAS-384
MI-MOH-163,MI-YAS-384
MI-VAI-186,MI-YAS-384
MI-IFF-101,MI-YAS-384
MI-DHI-118,MI-YAS-384
MI-NAB-104,MI-YAS-384
MI-SHI-315,MI-YAS-384
MI-DIV-251,MI-YAS-384
MI-SOU-252,MI-YAS-459
MI-VIV-183,MI-YAS-459
MI-YAS-459,MI-YAS-459
MI-MAY-122,MI-YES-107
MI-SHU-234,MI-YES-107
MI-ADI-263,MI-YES-107
MI-AKH-104,MI-YES-107
MI-ANK-182,MI-YES-107
MI-RIY-134,MI-YES-107
MI-SAK-122,MI-YES-107
MI-SID-179,MI-YES-107
MI-MAN-490,MI-YES-107
MI-HR!-101,MI-YES-107
MI-SID-168,MI-YES-107
MI-HR!-101,MI-YES-107
MI-SAR-224,MI-YES-107
MI-SAH-127,MI-YES-107
MI-AMA-180,MI-YES-107
MI-HRI-123,MI-YES-107
MI-KAR-166,MI-YES-107
MI-ARY-139,MI-YES-107
MI-VIS-198,MI-YES-107
MI-ABH-511,MI-YES-107
MI-AKA-237,MI-YES-107
MI-DIS-106,MI-YES-107
MI-NAM-161,MI-YES-107
MI-ABH-377,MI-YES-107
MI-ROH-270,MI-YES-107
MI-SHI-296,MI-YES-107
MI-MEH-119,MI-YES-107
MI-UTK-131,MI-YES-107
MI-DEE-205,MI-YES-107
MI-LOK-105,MI-YES-107
MI-UTK-157,MI-YES-107
MI-KAR-156,MI-YES-107
MI-DEV-167,MI-YES-107
MI-DEW-104,MI-YES-107
MI-NIK-174,MI-YES-107
MI-NIP-103,MI-YES-107
MI-PRA-443,MI-YES-107
MI-SHO-115,MI-YES-107
MI-SHE-139,MI-YES-107
MI-GAU-156,MI-YES-107
MI-SID-169,MI-YES-107
MI-AYU-201,MI-YES-107
MI-ANI-167,MI-YES-107
MI-YOG-144,MI-YOG-144
MI-VIJ-118,MI-YOG-144
MI-CHI-170,MI-ZEB-101
MI-SAU-237,MI-ZEB-101
MI-TAN-305,MI-ZEB-101
MI-ABH-436,MI-ZEB-101
MI-SHU-397,MI-ZEB-101
MI-ABH-426,MI-ZEB-101
MI-ADH-108,MI-ZEB-101
